Workbook

Sheet січень
A1: ОСББ "Карбишева - 22" | N1: 37465042
B2: Відомість нарахувань та оплати мешканців за утримання будинку | V2: тариф | W2: 4.1
B3: у січні 2023 року
A6: № кв. | B6: ПІБ | C6: Особ. рах. | D6: Д-Т | E6: К-Т | F6: Пільга % | G6: Заг.площа | H6: Пільг. Площа | I6: Внески | J6: 100% нарах. | K6: Пільгова сума | L6: сплачені суми пільг за реєстрами | M6: Коригування | N6: До сплати | O6: Сплачено | P6: Д-Т | Q6: К-Т
A7: 1 | B7: Бережний В.М. | C7: 1001 | D7: 1051.23 | E7: 0 | F7: 0 | G7: 64.26 | H7: 0 | I7: =W$2 -> 4.1 | J7: =ROUND(G7*I7,2) -> 263.47 | N7: =ROUND((G7*I7)-K7-L7-M7,2) -> 263.47 | P7: =IF(D7=0,IF((N7-E7-O7)>0,(N7-E7-O7),0),IF((D7+N7-O7)>0,(D7+N7-O7),0)) -> 1314.7 | Q7: =IF(E7=0,IF((D7+N7-O7)<0,ABS(D7+N7-O7),0),IF((N7-E7-O7)<0,ABS(N7-E7-O7),0)) -> 0
A8: 2 | B8: Старикова Т.О. | C8: 1002 | D8: 2324.06 | E8: 0 | F8: 0 | G8: 48.71 | H8: 0 | I8: =W$2 -> 4.1 | J8: =ROUND(G8*I8,2) -> 199.71 | N8: =ROUND((G8*I8)-K8-L8-M8,2) -> 199.71 | P8: =IF(D8=0,IF((N8-E8-O8)>0,(N8-E8-O8),0),IF((D8+N8-O8)>0,(D8+N8-O8),0)) -> 2523.77 | Q8: =IF(E8=0,IF((D8+N8-O8)<0,ABS(D8+N8-O8),0),IF((N8-E8-O8)<0,ABS(N8-E8-O8),0)) -> 0
A9: 3 | B9: Мазур Т.В. | C9: 1003 | D9: 137.5 | E9: 0 | F9: 0 | G9: 35 | H9: 0 | I9: =W$2 -> 4.1 | J9: =ROUND(G9*I9,2) -> 143.5 | N9: =ROUND((G9*I9)-K9-L9-M9,2) -> 143.5 | P9: =IF(D9=0,IF((N9-E9-O9)>0,(N9-E9-O9),0),IF((D9+N9-O9)>0,(D9+N9-O9),0)) -> 281 | Q9: =IF(E9=0,IF((D9+N9-O9)<0,ABS(D9+N9-O9),0),IF((N9-E9-O9)<0,ABS(N9-E9-O9),0)) -> 0
A10: 4 | B10: Сокол О.В. | C10: 1004 | D10: 0 | E10: 0.03 | F10: 0 | G10: 61.6 | H10: 0 | I10: =W$2 -> 4.1 | J10: =ROUND(G10*I10,2) -> 252.56 | N10: =ROUND((G10*I10)-K10-L10-M10,2) -> 252.56 | O10: =252.56 -> 252.56 | P10: =IF(D10=0,IF((N10-E10-O10)>0,(N10-E10-O10),0),IF((D10+N10-O10)>0,(D10+N10-O10),0)) -> 0 | Q10: =IF(E10=0,IF((D10+N10-O10)<0,ABS(D10+N10-O10),0),IF((N10-E10-O10)<0,ABS(N10-E10-O10),0)) -> 0.03
A11: 5 | B11: Семко Л.І. | C11: 1005 | D11: 161.03 | E11: 0 | F11: 0 | G11: 28.34 | H11: 0 | I11: =W$2 -> 4.1 | J11: =ROUND(G11*I11,2) -> 116.19 | N11: =ROUND((G11*I11)-K11-L11-M11,2) -> 116.19 | P11: =IF(D11=0,IF((N11-E11-O11)>0,(N11-E11-O11),0),IF((D11+N11-O11)>0,(D11+N11-O11),0)) -> 277.22 | Q11: =IF(E11=0,IF((D11+N11-O11)<0,ABS(D11+N11-O11),0),IF((N11-E11-O11)<0,ABS(N11-E11-O11),0)) -> 0
A12: 5 | B12: Гаркуша Н.І. | C12: 1005-а | D12: 598.1 | E12: 0 | F12: 0 | G12: 36.66 | H12: 0 | I12: =W$2 -> 4.1 | J12: =ROUND(G12*I12,2) -> 150.31 | N12: =ROUND((G12*I12)-K12-L12-M12,2) -> 150.31 | O12: 500 | P12: =IF(D12=0,IF((N12-E12-O12)>0,(N12-E12-O12),0),IF((D12+N12-O12)>0,(D12+N12-O12),0)) -> 248.41 | Q12: =IF(E12=0,IF((D12+N12-O12)<0,ABS(D12+N12-O12),0),IF((N12-E12-O12)<0,ABS(N12-E12-O12),0)) -> 0
A13: 6 | B13: Андріяшев В.М | C13: 1006 | D13: 1264.08 | E13: 0 | F13: 0 | G13: 49.8 | H13: 0 | I13: =W$2 -> 4.1 | J13: =ROUND(G13*I13,2) -> 204.18 | N13: =ROUND((G13*I13)-K13-L13-M13,2) -> 204.18 | P13: =IF(D13=0,IF((N13-E13-O13)>0,(N13-E13-O13),0),IF((D13+N13-O13)>0,(D13+N13-O13),0)) -> 1468.26 | Q13: =IF(E13=0,IF((D13+N13-O13)<0,ABS(D13+N13-O13),0),IF((N13-E13-O13)<0,ABS(N13-E13-O13),0)) -> 0
A14: 7 | B14: Старчикова О.М. | C14: 1007 | D14: 0 | E14: 0.16 | F14: 0 | G14: 34.65 | H14: 0 | I14: =W$2 -> 4.1 | J14: =ROUND(G14*I14,2) -> 142.07 | N14: =ROUND((G14*I14)-K14-L14-M14,2) -> 142.07 | O14: 143 | P14: =IF(D14=0,IF((N14-E14-O14)>0,(N14-E14-O14),0),IF((D14+N14-O14)>0,(D14+N14-O14),0)) -> 0 | Q14: =IF(E14=0,IF((D14+N14-O14)<0,ABS(D14+N14-O14),0),IF((N14-E14-O14)<0,ABS(N14-E14-O14),0)) -> 1.09
A15: 8 | B15: Безер Т.М | C15: 1008 | D15: 1171.25 | E15: 0 | F15: 0 | G15: 62.14 | H15: 0 | I15: =W$2 -> 4.1 | J15: =ROUND(G15*I15,2) -> 254.77 | N15: =ROUND((G15*I15)-K15-L15-M15,2) -> 254.77 | O15: 1200 | P15: =IF(D15=0,IF((N15-E15-O15)>0,(N15-E15-O15),0),IF((D15+N15-O15)>0,(D15+N15-O15),0)) -> 226.02 | Q15: =IF(E15=0,IF((D15+N15-O15)<0,ABS(D15+N15-O15),0),IF((N15-E15-O15)<0,ABS(N15-E15-O15),0)) -> 0
A16: 9 | B16: Решетило М.М | C16: 1009 | D16: 2905.96 | E16: 0 | F16: 0 | G16: 65.16 | H16: 0 | I16: =W$2 -> 4.1 | J16: =ROUND(G16*I16,2) -> 267.16 | N16: =ROUND((G16*I16)-K16-L16-M16,2) -> 267.16 | P16: =IF(D16=0,IF((N16-E16-O16)>0,(N16-E16-O16),0),IF((D16+N16-O16)>0,(D16+N16-O16),0)) -> 3173.12 | Q16: =IF(E16=0,IF((D16+N16-O16)<0,ABS(D16+N16-O16),0),IF((N16-E16-O16)<0,ABS(N16-E16-O16),0)) -> 0
A17: 10 | B17: Фесенко О.В. | C17: 1010 | D17: 1581.93 | E17: 0 | F17: 0 | G17: 50.1 | H17: 0 | I17: =W$2 -> 4.1 | J17: =ROUND(G17*I17,2) -> 205.41 | N17: =ROUND((G17*I17)-K17-L17-M17,2) -> 205.41 | P17: =IF(D17=0,IF((N17-E17-O17)>0,(N17-E17-O17),0),IF((D17+N17-O17)>0,(D17+N17-O17),0)) -> 1787.34 | Q17: =IF(E17=0,IF((D17+N17-O17)<0,ABS(D17+N17-O17),0),IF((N17-E17-O17)<0,ABS(N17-E17-O17),0)) -> 0
A18: 11 | B18: Петренко О.М. | C18: 1011 | D18: 1352.68 | E18: 0 | F18: 0 | G18: 35.2 | H18: 0 | I18: =W$2 -> 4.1 | J18: =ROUND(G18*I18,2) -> 144.32 | N18: =ROUND((G18*I18)-K18-L18-M18,2) -> 144.32 | P18: =IF(D18=0,IF((N18-E18-O18)>0,(N18-E18-O18),0),IF((D18+N18-O18)>0,(D18+N18-O18),0)) -> 1497 | Q18: =IF(E18=0,IF((D18+N18-O18)<0,ABS(D18+N18-O18),0),IF((N18-E18-O18)<0,ABS(N18-E18-O18),0)) -> 0
A19: 12 | B19: Зеленюк А.Д | C19: 1012 | D19: 2913.21 | E19: 0 | F19: 0 | G19: 62.78 | H19: 0 | I19: =W$2 -> 4.1 | J19: =ROUND(G19*I19,2) -> 257.4 | N19: =ROUND((G19*I19)-K19-L19-M19,2) -> 257.4 | P19: =IF(D19=0,IF((N19-E19-O19)>0,(N19-E19-O19),0),IF((D19+N19-O19)>0,(D19+N19-O19),0)) -> 3170.61 | Q19: =IF(E19=0,IF((D19+N19-O19)<0,ABS(D19+N19-O19),0),IF((N19-E19-O19)<0,ABS(N19-E19-O19),0)) -> 0
A20: 13 | B20: Вовк І.В | C20: 1013 | D20: 2136.87 | E20: 0 | F20: 0 | G20: 28.23 | H20: 0 | I20: =W$2 -> 4.1 | J20: =ROUND(G20*I20,2) -> 115.74 | N20: =ROUND((G20*I20)-K20-L20-M20,2) -> 115.74 | P20: =IF(D20=0,IF((N20-E20-O20)>0,(N20-E20-O20),0),IF((D20+N20-O20)>0,(D20+N20-O20),0)) -> 2252.61 | Q20: =IF(E20=0,IF((D20+N20-O20)<0,ABS(D20+N20-O20),0),IF((N20-E20-O20)<0,ABS(N20-E20-O20),0)) -> 0
A21: 13 | B21: Романовський В.М | C21: 1013-а | D21: 3257.9 | E21: 0 | F21: 0 | G21: 37.84 | H21: 0 | I21: =W$2 -> 4.1 | J21: =ROUND(G21*I21,2) -> 155.14 | N21: =ROUND((G21*I21)-K21-L21-M21,2) -> 155.14 | P21: =IF(D21=0,IF((N21-E21-O21)>0,(N21-E21-O21),0),IF((D21+N21-O21)>0,(D21+N21-O21),0)) -> 3413.04 | Q21: =IF(E21=0,IF((D21+N21-O21)<0,ABS(D21+N21-O21),0),IF((N21-E21-O21)<0,ABS(N21-E21-O21),0)) -> 0
A22: 14 | B22: Ряба Л.І | C22: 1014 | D22: 1211.28 | E22: 0 | F22: 0 | G22: 49.24 | H22: 0 | I22: =W$2 -> 4.1 | J22: =ROUND(G22*I22,2) -> 201.88 | N22: =ROUND((G22*I22)-K22-L22-M22,2) -> 201.88 | O22: 500 | P22: =IF(D22=0,IF((N22-E22-O22)>0,(N22-E22-O22),0),IF((D22+N22-O22)>0,(D22+N22-O22),0)) -> 913.16 | Q22: =IF(E22=0,IF((D22+N22-O22)<0,ABS(D22+N22-O22),0),IF((N22-E22-O22)<0,ABS(N22-E22-O22),0)) -> 0
A23: 15 | B23: Кас'янова О.А. | C23: 1015 | D23: 909.04 | E23: 0 | F23: 0 | G23: 35.1 | H23: 0 | I23: =W$2 -> 4.1 | J23: =ROUND(G23*I23,2) -> 143.91 | N23: =ROUND((G23*I23)-K23-L23-M23,2) -> 143.91 | P23: =IF(D23=0,IF((N23-E23-O23)>0,(N23-E23-O23),0),IF((D23+N23-O23)>0,(D23+N23-O23),0)) -> 1052.95 | Q23: =IF(E23=0,IF((D23+N23-O23)<0,ABS(D23+N23-O23),0),IF((N23-E23-O23)<0,ABS(N23-E23-O23),0)) -> 0
A24: 16 | B24: Корякіна М.В. | C24: 1016 | D24: 1352.41 | E24: 0 | F24: 0 | G24: 61.9 | H24: 0 | I24: =W$2 -> 4.1 | J24: =ROUND(G24*I24,2) -> 253.79 | N24: =ROUND((G24*I24)-K24-L24-M24,2) -> 253.79 | P24: =IF(D24=0,IF((N24-E24-O24)>0,(N24-E24-O24),0),IF((D24+N24-O24)>0,(D24+N24-O24),0)) -> 1606.2 | Q24: =IF(E24=0,IF((D24+N24-O24)<0,ABS(D24+N24-O24),0),IF((N24-E24-O24)<0,ABS(N24-E24-O24),0)) -> 0
A25: 17 | B25: Сокерчак А.В. | C25: 1017 | D25: 1630.98 | E25: 0 | F25: 0 | G25: 66.3 | H25: 0 | I25: =W$2 -> 4.1 | J25: =ROUND(G25*I25,2) -> 271.83 | N25: =ROUND((G25*I25)-K25-L25-M25,2) -> 271.83 | O25: =815.49+815.49 -> 1630.98 | P25: =IF(D25=0,IF((N25-E25-O25)>0,(N25-E25-O25),0),IF((D25+N25-O25)>0,(D25+N25-O25),0)) -> 271.83 | Q25: =IF(E25=0,IF((D25+N25-O25)<0,ABS(D25+N25-O25),0),IF((N25-E25-O25)<0,ABS(N25-E25-O25),0)) -> 0
A26: 18 | B26: Кравченко В.А | C26: 1018 | D26: 0 | E26: 1406.07 | F26: 0 | G26: 51.48 | H26: 0 | I26: =W$2 -> 4.1 | J26: =ROUND(G26*I26,2) -> 211.07 | L26: 211.07 | N26: =ROUND((G26*I26)-K26-L26-M26,2) -> 0 | P26: =IF(D26=0,IF((N26-E26-O26)>0,(N26-E26-O26),0),IF((D26+N26-O26)>0,(D26+N26-O26),0)) -> 0 | Q26: =IF(E26=0,IF((D26+N26-O26)<0,ABS(D26+N26-O26),0),IF((N26-E26-O26)<0,ABS(N26-E26-O26),0)) -> 1406.07
A27: 19 | B27: Чичикало А.С | C27: 1019 | D27: 0 | E27: 1.62 | F27: 0 | G27: 35.1 | H27: 0 | I27: =W$2 -> 4.1 | J27: =ROUND(G27*I27,2) -> 143.91 | N27: =ROUND((G27*I27)-K27-L27-M27,2) -> 143.91 | P27: =IF(D27=0,IF((N27-E27-O27)>0,(N27-E27-O27),0),IF((D27+N27-O27)>0,(D27+N27-O27),0)) -> 142.29 | Q27: =IF(E27=0,IF((D27+N27-O27)<0,ABS(D27+N27-O27),0),IF((N27-E27-O27)<0,ABS(N27-E27-O27),0)) -> 0
A28: 20 | B28: Сільващук А.А | C28: 1020 | D28: 0 | E28: 1.0231815e-12 | F28: 0 | G28: 62.7 | H28: 0 | I28: =W$2 -> 4.1 | J28: =ROUND(G28*I28,2) -> 257.07 | N28: =ROUND((G28*I28)-K28-L28-M28,2) -> 257.07 | P28: =IF(D28=0,IF((N28-E28-O28)>0,(N28-E28-O28),0),IF((D28+N28-O28)>0,(D28+N28-O28),0)) -> 257.07 | Q28: =IF(E28=0,IF((D28+N28-O28)<0,ABS(D28+N28-O28),0),IF((N28-E28-O28)<0,ABS(N28-E28-O28),0)) -> 0
A29: 21 | B29: Стеценко Г.М | C29: 1021 | D29: 1703.73 | E29: 0 | F29: 0 | G29: 65.32 | H29: 0 | I29: =W$2 -> 4.1 | J29: =ROUND(G29*I29,2) -> 267.81 | N29: =ROUND((G29*I29)-K29-L29-M29,2) -> 267.81 | P29: =IF(D29=0,IF((N29-E29-O29)>0,(N29-E29-O29),0),IF((D29+N29-O29)>0,(D29+N29-O29),0)) -> 1971.54 | Q29: =IF(E29=0,IF((D29+N29-O29)<0,ABS(D29+N29-O29),0),IF((N29-E29-O29)<0,ABS(N29-E29-O29),0)) -> 0
A30: 22 | B30: Кирдячкіна П.А | C30: 1022 | D30: 1630.16 | E30: 0 | F30: 0 | G30: 49.7 | H30: 0 | I30: =W$2 -> 4.1 | J30: =ROUND(G30*I30,2) -> 203.77 | N30: =ROUND((G30*I30)-K30-L30-M30,2) -> 203.77 | O30: 630 | P30: =IF(D30=0,IF((N30-E30-O30)>0,(N30-E30-O30),0),IF((D30+N30-O30)>0,(D30+N30-O30),0)) -> 1203.93 | Q30: =IF(E30=0,IF((D30+N30-O30)<0,ABS(D30+N30-O30),0),IF((N30-E30-O30)<0,ABS(N30-E30-O30),0)) -> 0
A31: 23 | B31: Фоміченко Л.А | C31: 1023 | D31: 0 | E31: 3.9790393e-13 | F31: 0 | G31: 35.1 | H31: 0 | I31: =W$2 -> 4.1 | J31: =ROUND(G31*I31,2) -> 143.91 | N31: =ROUND((G31*I31)-K31-L31-M31,2) -> 143.91 | P31: =IF(D31=0,IF((N31-E31-O31)>0,(N31-E31-O31),0),IF((D31+N31-O31)>0,(D31+N31-O31),0)) -> 143.91 | Q31: =IF(E31=0,IF((D31+N31-O31)<0,ABS(D31+N31-O31),0),IF((N31-E31-O31)<0,ABS(N31-E31-O31),0)) -> 0
A32: 24 | B32: Сердюк А.Г | C32: 1024 | D32: 1628.61 | E32: 0 | F32: 0 | G32: 62.31 | H32: 0 | I32: =W$2 -> 4.1 | J32: =ROUND(G32*I32,2) -> 255.47 | N32: =ROUND((G32*I32)-K32-L32-M32,2) -> 255.47 | P32: =IF(D32=0,IF((N32-E32-O32)>0,(N32-E32-O32),0),IF((D32+N32-O32)>0,(D32+N32-O32),0)) -> 1884.08 | Q32: =IF(E32=0,IF((D32+N32-O32)<0,ABS(D32+N32-O32),0),IF((N32-E32-O32)<0,ABS(N32-E32-O32),0)) -> 0
A33: 25 | B33: Михальченко Г.М | C33: 1025 | D33: 2787.48 | E33: 0 | F33: 0 | G33: 65.04 | I33: =W$2 -> 4.1 | J33: =ROUND(G33*I33,2) -> 266.66 | N33: =ROUND((G33*I33)-K33-L33-M33,2) -> 266.66 | P33: =IF(D33=0,IF((N33-E33-O33)>0,(N33-E33-O33),0),IF((D33+N33-O33)>0,(D33+N33-O33),0)) -> 3054.14 | Q33: =IF(E33=0,IF((D33+N33-O33)<0,ABS(D33+N33-O33),0),IF((N33-E33-O33)<0,ABS(N33-E33-O33),0)) -> 0
A34: 26 | B34: Замуховська Я.С | C34: 1026 | D34: 1036.97 | E34: 0 | F34: 0 | G34: 49.8 | H34: 0 | I34: =W$2 -> 4.1 | J34: =ROUND(G34*I34,2) -> 204.18 | N34: =ROUND((G34*I34)-K34-L34-M34,2) -> 204.18 | P34: =IF(D34=0,IF((N34-E34-O34)>0,(N34-E34-O34),0),IF((D34+N34-O34)>0,(D34+N34-O34),0)) -> 1241.15 | Q34: =IF(E34=0,IF((D34+N34-O34)<0,ABS(D34+N34-O34),0),IF((N34-E34-O34)<0,ABS(N34-E34-O34),0)) -> 0
A35: 27 | B35: Мержиєвська Г.К | C35: 1027 | D35: 918.9 | E35: 0 | F35: 0 | G35: 35.17 | H35: 0 | I35: =W$2 -> 4.1 | J35: =ROUND(G35*I35,2) -> 144.2 | N35: =ROUND((G35*I35)-K35-L35-M35,2) -> 144.2 | P35: =IF(D35=0,IF((N35-E35-O35)>0,(N35-E35-O35),0),IF((D35+N35-O35)>0,(D35+N35-O35),0)) -> 1063.1 | Q35: =IF(E35=0,IF((D35+N35-O35)<0,ABS(D35+N35-O35),0),IF((N35-E35-O35)<0,ABS(N35-E35-O35),0)) -> 0
A36: 28 | B36: Кулакова Л.В. | C36: 1028 | D36: 2073.31 | E36: 0 | F36: 0 | G36: 62.47 | H36: 0 | I36: =W$2 -> 4.1 | J36: =ROUND(G36*I36,2) -> 256.13 | N36: =ROUND((G36*I36)-K36-L36-M36,2) -> 256.13 | O36: =200+1900 -> 2100 | P36: =IF(D36=0,IF((N36-E36-O36)>0,(N36-E36-O36),0),IF((D36+N36-O36)>0,(D36+N36-O36),0)) -> 229.44 | Q36: =IF(E36=0,IF((D36+N36-O36)<0,ABS(D36+N36-O36),0),IF((N36-E36-O36)<0,ABS(N36-E36-O36),0)) -> 0
A37: 29 | B37: Бочаров В.Л. | C37: 1029 | D37: 1478.64 | E37: 0 | F37: 0 | G37: 65.75 | H37: 0 | I37: =W$2 -> 4.1 | J37: =ROUND(G37*I37,2) -> 269.58 | N37: =ROUND((G37*I37)-K37-L37-M37,2) -> 269.58 | P37: =IF(D37=0,IF((N37-E37-O37)>0,(N37-E37-O37),0),IF((D37+N37-O37)>0,(D37+N37-O37),0)) -> 1748.22 | Q37: =IF(E37=0,IF((D37+N37-O37)<0,ABS(D37+N37-O37),0),IF((N37-E37-O37)<0,ABS(N37-E37-O37),0)) -> 0
A38: 30 | B38: Лучков В.Л. | C38: 1030 | D38: 2232.83 | E38: 0 | F38: 0 | G38: 49.7 | H38: 0 | I38: =W$2 -> 4.1 | J38: =ROUND(G38*I38,2) -> 203.77 | N38: =ROUND((G38*I38)-K38-L38-M38,2) -> 203.77 | P38: =IF(D38=0,IF((N38-E38-O38)>0,(N38-E38-O38),0),IF((D38+N38-O38)>0,(D38+N38-O38),0)) -> 2436.6 | Q38: =IF(E38=0,IF((D38+N38-O38)<0,ABS(D38+N38-O38),0),IF((N38-E38-O38)<0,ABS(N38-E38-O38),0)) -> 0
A39: 31 | B39: Кашкар Т.М. | C39: 1031 | D39: 0 | E39: 5.6843419e-14 | F39: 0 | G39: 35.1 | H39: 0 | I39: =W$2 -> 4.1 | J39: =ROUND(G39*I39,2) -> 143.91 | N39: =ROUND((G39*I39)-K39-L39-M39,2) -> 143.91 | O39: 143.91 | P39: =IF(D39=0,IF((N39-E39-O39)>0,(N39-E39-O39),0),IF((D39+N39-O39)>0,(D39+N39-O39),0)) -> 0 | Q39: =IF(E39=0,IF((D39+N39-O39)<0,ABS(D39+N39-O39),0),IF((N39-E39-O39)<0,ABS(N39-E39-O39),0)) -> 0
A40: 32 | B40: Стецюк Н.П. | C40: 1032 | D40: 1759.67 | E40: 0 | F40: 0 | G40: 61.9 | H40: 0 | I40: =W$2 -> 4.1 | J40: =ROUND(G40*I40,2) -> 253.79 | N40: =ROUND((G40*I40)-K40-L40-M40,2) -> 253.79 | P40: =IF(D40=0,IF((N40-E40-O40)>0,(N40-E40-O40),0),IF((D40+N40-O40)>0,(D40+N40-O40),0)) -> 2013.46 | Q40: =IF(E40=0,IF((D40+N40-O40)<0,ABS(D40+N40-O40),0),IF((N40-E40-O40)<0,ABS(N40-E40-O40),0)) -> 0
A41: 33 | B41: Маханько В.О. | C41: 1033 | D41: 1232.64 | E41: 0 | F41: 0 | G41: 65.53 | I41: =W$2 -> 4.1 | J41: =ROUND(G41*I41,2) -> 268.67 | L41: 268.67 | N41: =ROUND((G41*I41)-K41-L41-M41,2) -> 0 | P41: =IF(D41=0,IF((N41-E41-O41)>0,(N41-E41-O41),0),IF((D41+N41-O41)>0,(D41+N41-O41),0)) -> 1232.64 | Q41: =IF(E41=0,IF((D41+N41-O41)<0,ABS(D41+N41-O41),0),IF((N41-E41-O41)<0,ABS(N41-E41-O41),0)) -> 0
A42: 34 | B42: Реуцька Р.С. | C42: 1034 | D42: 925.74 | E42: 0 | F42: 0 | G42: 49.7 | H42: 0 | I42: =W$2 -> 4.1 | J42: =ROUND(G42*I42,2) -> 203.77 | N42: =ROUND((G42*I42)-K42-L42-M42,2) -> 203.77 | P42: =IF(D42=0,IF((N42-E42-O42)>0,(N42-E42-O42),0),IF((D42+N42-O42)>0,(D42+N42-O42),0)) -> 1129.51 | Q42: =IF(E42=0,IF((D42+N42-O42)<0,ABS(D42+N42-O42),0),IF((N42-E42-O42)<0,ABS(N42-E42-O42),0)) -> 0
A43: 35 | B43: Колесникова Р.Г. | C43: 1035 | D43: 1196.3 | E43: 0 | F43: 0 | G43: 35.1 | H43: 0 | I43: =W$2 -> 4.1 | J43: =ROUND(G43*I43,2) -> 143.91 | N43: =ROUND((G43*I43)-K43-L43-M43,2) -> 143.91 | O43: 600 | P43: =IF(D43=0,IF((N43-E43-O43)>0,(N43-E43-O43),0),IF((D43+N43-O43)>0,(D43+N43-O43),0)) -> 740.21 | Q43: =IF(E43=0,IF((D43+N43-O43)<0,ABS(D43+N43-O43),0),IF((N43-E43-O43)<0,ABS(N43-E43-O43),0)) -> 0
A44: 36 | B44: Кучеренко М.М. | C44: 1036 | D44: 2887.83 | E44: 0 | F44: 0 | G44: 61.88 | H44: 0 | I44: =W$2 -> 4.1 | J44: =ROUND(G44*I44,2) -> 253.71 | N44: =ROUND((G44*I44)-K44-L44-M44,2) -> 253.71 | P44: =IF(D44=0,IF((N44-E44-O44)>0,(N44-E44-O44),0),IF((D44+N44-O44)>0,(D44+N44-O44),0)) -> 3141.54 | Q44: =IF(E44=0,IF((D44+N44-O44)<0,ABS(D44+N44-O44),0),IF((N44-E44-O44)<0,ABS(N44-E44-O44),0)) -> 0
A45: 37 | B45: Гурова О.М. | C45: 2037 | D45: 958.67 | E45: 0 | F45: 0 | G45: 62.2 | H45: 0 | I45: =W$2 -> 4.1 | J45: =ROUND(G45*I45,2) -> 255.02 | N45: =ROUND((G45*I45)-K45-L45-M45,2) -> 255.02 | P45: =IF(D45=0,IF((N45-E45-O45)>0,(N45-E45-O45),0),IF((D45+N45-O45)>0,(D45+N45-O45),0)) -> 1213.69 | Q45: =IF(E45=0,IF((D45+N45-O45)<0,ABS(D45+N45-O45),0),IF((N45-E45-O45)<0,ABS(N45-E45-O45),0)) -> 0
A46: 38 | B46: Федорова В.І. | C46: 2038 | D46: 406 | E46: 0 | F46: 0 | G46: 34.9 | H46: 0 | I46: =W$2 -> 4.1 | J46: =ROUND(G46*I46,2) -> 143.09 | N46: =ROUND((G46*I46)-K46-L46-M46,2) -> 143.09 | P46: =IF(D46=0,IF((N46-E46-O46)>0,(N46-E46-O46),0),IF((D46+N46-O46)>0,(D46+N46-O46),0)) -> 549.09 | Q46: =IF(E46=0,IF((D46+N46-O46)<0,ABS(D46+N46-O46),0),IF((N46-E46-O46)<0,ABS(N46-E46-O46),0)) -> 0
A47: 39 | B47: Лаптєв В.І. | C47: 2039 | D47: 0.04 | E47: 0 | F47: 0 | G47: 48.8 | I47: =W$2 -> 4.1 | J47: =ROUND(G47*I47,2) -> 200.08 | N47: =ROUND((G47*I47)-K47-L47-M47,2) -> 200.08 | P47: =IF(D47=0,IF((N47-E47-O47)>0,(N47-E47-O47),0),IF((D47+N47-O47)>0,(D47+N47-O47),0)) -> 200.12 | Q47: =IF(E47=0,IF((D47+N47-O47)<0,ABS(D47+N47-O47),0),IF((N47-E47-O47)<0,ABS(N47-E47-O47),0)) -> 0
A48: 40 | B48: Тимощук О.Є. | C48: 2040 | D48: 934.27 | E48: 0 | F48: 0 | G48: 57.3 | H48: 0 | I48: =W$2 -> 4.1 | J48: =ROUND(G48*I48,2) -> 234.93 | N48: =ROUND((G48*I48)-K48-L48-M48,2) -> 234.93 | O48: 205 | P48: =IF(D48=0,IF((N48-E48-O48)>0,(N48-E48-O48),0),IF((D48+N48-O48)>0,(D48+N48-O48),0)) -> 964.2 | Q48: =IF(E48=0,IF((D48+N48-O48)<0,ABS(D48+N48-O48),0),IF((N48-E48-O48)<0,ABS(N48-E48-O48),0)) -> 0
A49: 41 | B49: Котяш О.В. | C49: 2041 | D49: 1814.57 | E49: 0 | F49: 0 | G49: 63.3 | H49: 0 | I49: =W$2 -> 4.1 | J49: =ROUND(G49*I49,2) -> 259.53 | N49: =ROUND((G49*I49)-K49-L49-M49,2) -> 259.53 | P49: =IF(D49=0,IF((N49-E49-O49)>0,(N49-E49-O49),0),IF((D49+N49-O49)>0,(D49+N49-O49),0)) -> 2074.1 | Q49: =IF(E49=0,IF((D49+N49-O49)<0,ABS(D49+N49-O49),0),IF((N49-E49-O49)<0,ABS(N49-E49-O49),0)) -> 0
A50: 42 | B50: Токовило-Паращенко Л.П. | C50: 2042 | D50: 1031.37 | E50: 0 | F50: 0 | G50: 35.68 | H50: 0 | I50: =W$2 -> 4.1 | J50: =ROUND(G50*I50,2) -> 146.29 | N50: =ROUND((G50*I50)-K50-L50-M50,2) -> 146.29 | P50: =IF(D50=0,IF((N50-E50-O50)>0,(N50-E50-O50),0),IF((D50+N50-O50)>0,(D50+N50-O50),0)) -> 1177.66 | Q50: =IF(E50=0,IF((D50+N50-O50)<0,ABS(D50+N50-O50),0),IF((N50-E50-O50)<0,ABS(N50-E50-O50),0)) -> 0
A51: 43 | B51: Бєлая К.В. | C51: 2043 | D51: 816.72 | E51: 0 | F51: 0 | G51: 49.8 | H51: 0 | I51: =W$2 -> 4.1 | J51: =ROUND(G51*I51,2) -> 204.18 | N51: =ROUND((G51*I51)-K51-L51-M51,2) -> 204.18 | P51: =IF(D51=0,IF((N51-E51-O51)>0,(N51-E51-O51),0),IF((D51+N51-O51)>0,(D51+N51-O51),0)) -> 1020.9 | Q51: =IF(E51=0,IF((D51+N51-O51)<0,ABS(D51+N51-O51),0),IF((N51-E51-O51)<0,ABS(N51-E51-O51),0)) -> 0
A52: 44 | B52: Стадник О.Ф. | C52: 2044 | D52: 4644.71 | E52: 0 | F52: 0 | G52: 65.9 | H52: 0 | I52: =W$2 -> 4.1 | J52: =ROUND(G52*I52,2) -> 270.19 | N52: =ROUND((G52*I52)-K52-L52-M52,2) -> 270.19 | P52: =IF(D52=0,IF((N52-E52-O52)>0,(N52-E52-O52),0),IF((D52+N52-O52)>0,(D52+N52-O52),0)) -> 4914.9 | Q52: =IF(E52=0,IF((D52+N52-O52)<0,ABS(D52+N52-O52),0),IF((N52-E52-O52)<0,ABS(N52-E52-O52),0)) -> 0
A53: 45 | B53: Ляшенко В.М. | C53: 2045 | D53: 1525.2 | E53: 0 | F53: 0 | G53: 62 | H53: 0 | I53: =W$2 -> 4.1 | J53: =ROUND(G53*I53,2) -> 254.2 | N53: =ROUND((G53*I53)-K53-L53-M53,2) -> 254.2 | O53: =762.6+762.6 -> 1525.2 | P53: =IF(D53=0,IF((N53-E53-O53)>0,(N53-E53-O53),0),IF((D53+N53-O53)>0,(D53+N53-O53),0)) -> 254.2 | Q53: =IF(E53=0,IF((D53+N53-O53)<0,ABS(D53+N53-O53),0),IF((N53-E53-O53)<0,ABS(N53-E53-O53),0)) -> 0
A54: 46 | B54: Смоленська Т.О. | C54: 2046 | D54: 1000 | E54: 0 | F54: 0 | G54: 35.1 | I54: =W$2 -> 4.1 | J54: =ROUND(G54*I54,2) -> 143.91 | N54: =ROUND((G54*I54)-K54-L54-M54,2) -> 143.91 | P54: =IF(D54=0,IF((N54-E54-O54)>0,(N54-E54-O54),0),IF((D54+N54-O54)>0,(D54+N54-O54),0)) -> 1143.91 | Q54: =IF(E54=0,IF((D54+N54-O54)<0,ABS(D54+N54-O54),0),IF((N54-E54-O54)<0,ABS(N54-E54-O54),0)) -> 0
A55: 47 | B55: Дудка І.В. | C55: 2047 | D55: 1015.88 | E55: 0 | F55: 0 | G55: 49.6 | H55: 0 | I55: =W$2 -> 4.1 | J55: =ROUND(G55*I55,2) -> 203.36 | N55: =ROUND((G55*I55)-K55-L55-M55,2) -> 203.36 | P55: =IF(D55=0,IF((N55-E55-O55)>0,(N55-E55-O55),0),IF((D55+N55-O55)>0,(D55+N55-O55),0)) -> 1219.24 | Q55: =IF(E55=0,IF((D55+N55-O55)<0,ABS(D55+N55-O55),0),IF((N55-E55-O55)<0,ABS(N55-E55-O55),0)) -> 0
A56: 48 | B56: Буланова Л.І. | C56: 2048 | D56: 1906.79 | E56: 0 | F56: 0 | G56: 66.44 | H56: 0 | I56: =W$2 -> 4.1 | J56: =ROUND(G56*I56,2) -> 272.4 | N56: =ROUND((G56*I56)-K56-L56-M56,2) -> 272.4 | O56: 1907 | P56: =IF(D56=0,IF((N56-E56-O56)>0,(N56-E56-O56),0),IF((D56+N56-O56)>0,(D56+N56-O56),0)) -> 272.19 | Q56: =IF(E56=0,IF((D56+N56-O56)<0,ABS(D56+N56-O56),0),IF((N56-E56-O56)<0,ABS(N56-E56-O56),0)) -> 0
A57: 49 | B57: Шалімова О.О. | C57: 2049 | D57: 1760.27 | E57: 0 | F57: 0 | G57: 62.1 | H57: 0 | I57: =W$2 -> 4.1 | J57: =ROUND(G57*I57,2) -> 254.61 | N57: =ROUND((G57*I57)-K57-L57-M57,2) -> 254.61 | P57: =IF(D57=0,IF((N57-E57-O57)>0,(N57-E57-O57),0),IF((D57+N57-O57)>0,(D57+N57-O57),0)) -> 2014.88 | Q57: =IF(E57=0,IF((D57+N57-O57)<0,ABS(D57+N57-O57),0),IF((N57-E57-O57)<0,ABS(N57-E57-O57),0)) -> 0
A58: 50 | B58: Андросик О.О. | C58: 2050 | D58: 0 | E58: 0 | F58: 0 | G58: 34.9 | H58: 0 | I58: =W$2 -> 4.1 | J58: =ROUND(G58*I58,2) -> 143.09 | N58: =ROUND((G58*I58)-K58-L58-M58,2) -> 143.09 | P58: =IF(D58=0,IF((N58-E58-O58)>0,(N58-E58-O58),0),IF((D58+N58-O58)>0,(D58+N58-O58),0)) -> 143.09 | Q58: =IF(E58=0,IF((D58+N58-O58)<0,ABS(D58+N58-O58),0),IF((N58-E58-O58)<0,ABS(N58-E58-O58),0)) -> 0
A59: 51 | B59: Токар Є.А. | C59: 2051 | D59: 1558.15 | E59: 0 | F59: 0 | G59: 49.22 | H59: 0 | I59: =W$2 -> 4.1 | J59: =ROUND(G59*I59,2) -> 201.8 | N59: =ROUND((G59*I59)-K59-L59-M59,2) -> 201.8 | P59: =IF(D59=0,IF((N59-E59-O59)>0,(N59-E59-O59),0),IF((D59+N59-O59)>0,(D59+N59-O59),0)) -> 1759.95 | Q59: =IF(E59=0,IF((D59+N59-O59)<0,ABS(D59+N59-O59),0),IF((N59-E59-O59)<0,ABS(N59-E59-O59),0)) -> 0
A60: 52 | B60: Констанчук І.В. | C60: 2052 | D60: 1844.41 | E60: 0 | F60: 0 | G60: 65.5 | H60: 0 | I60: =W$2 -> 4.1 | J60: =ROUND(G60*I60,2) -> 268.55 | N60: =ROUND((G60*I60)-K60-L60-M60,2) -> 268.55 | P60: =IF(D60=0,IF((N60-E60-O60)>0,(N60-E60-O60),0),IF((D60+N60-O60)>0,(D60+N60-O60),0)) -> 2112.96 | Q60: =IF(E60=0,IF((D60+N60-O60)<0,ABS(D60+N60-O60),0),IF((N60-E60-O60)<0,ABS(N60-E60-O60),0)) -> 0
A61: 53 | B61: Гончаров В.В. | C61: 2053 | D61: 0 | E61: 97.48 | F61: 0 | G61: 62.64 | H61: 0 | I61: =W$2 -> 4.1 | J61: =ROUND(G61*I61,2) -> 256.82 | N61: =ROUND((G61*I61)-K61-L61-M61,2) -> 256.82 | P61: =IF(D61=0,IF((N61-E61-O61)>0,(N61-E61-O61),0),IF((D61+N61-O61)>0,(D61+N61-O61),0)) -> 159.34 | Q61: =IF(E61=0,IF((D61+N61-O61)<0,ABS(D61+N61-O61),0),IF((N61-E61-O61)<0,ABS(N61-E61-O61),0)) -> 0
A62: 54 | B62: Ляхомський В.О. | C62: 2054 | D62: 1561.39 | E62: 0 | F62: 0 | G62: 34.9 | H62: 0 | I62: =W$2 -> 4.1 | J62: =ROUND(G62*I62,2) -> 143.09 | N62: =ROUND((G62*I62)-K62-L62-M62,2) -> 143.09 | O62: 1700 | P62: =IF(D62=0,IF((N62-E62-O62)>0,(N62-E62-O62),0),IF((D62+N62-O62)>0,(D62+N62-O62),0)) -> 4.48 | Q62: =IF(E62=0,IF((D62+N62-O62)<0,ABS(D62+N62-O62),0),IF((N62-E62-O62)<0,ABS(N62-E62-O62),0)) -> 0
A63: 55 | B63: Крамаренко В.П. | C63: 2055 | D63: 1435.94 | E63: 0 | F63: 0 | G63: 49.79 | H63: 0 | I63: =W$2 -> 4.1 | J63: =ROUND(G63*I63,2) -> 204.14 | N63: =ROUND((G63*I63)-K63-L63-M63,2) -> 204.14 | P63: =IF(D63=0,IF((N63-E63-O63)>0,(N63-E63-O63),0),IF((D63+N63-O63)>0,(D63+N63-O63),0)) -> 1640.08 | Q63: =IF(E63=0,IF((D63+N63-O63)<0,ABS(D63+N63-O63),0),IF((N63-E63-O63)<0,ABS(N63-E63-O63),0)) -> 0
A64: 56 | B64: Родзик С.Г. | C64: 2056 | D64: 751.65 | E64: 0 | F64: 0 | G64: 65.2 | H64: 0 | I64: =W$2 -> 4.1 | J64: =ROUND(G64*I64,2) -> 267.32 | N64: =ROUND((G64*I64)-K64-L64-M64,2) -> 267.32 | P64: =IF(D64=0,IF((N64-E64-O64)>0,(N64-E64-O64),0),IF((D64+N64-O64)>0,(D64+N64-O64),0)) -> 1018.97 | Q64: =IF(E64=0,IF((D64+N64-O64)<0,ABS(D64+N64-O64),0),IF((N64-E64-O64)<0,ABS(N64-E64-O64),0)) -> 0
A65: 57 | B65: Никоненко Н.С. | C65: 2057 | D65: 909.46 | E65: 0 | F65: 0 | G65: 61.88 | H65: 0 | I65: =W$2 -> 4.1 | J65: =ROUND(G65*I65,2) -> 253.71 | N65: =ROUND((G65*I65)-K65-L65-M65,2) -> 253.71 | P65: =IF(D65=0,IF((N65-E65-O65)>0,(N65-E65-O65),0),IF((D65+N65-O65)>0,(D65+N65-O65),0)) -> 1163.17 | Q65: =IF(E65=0,IF((D65+N65-O65)<0,ABS(D65+N65-O65),0),IF((N65-E65-O65)<0,ABS(N65-E65-O65),0)) -> 0
A66: 58 | B66: Чепок О.В. | C66: 2058 | D66: 2617.91 | E66: 0 | F66: 0 | G66: 35 | H66: 0 | I66: =W$2 -> 4.1 | J66: =ROUND(G66*I66,2) -> 143.5 | N66: =ROUND((G66*I66)-K66-L66-M66,2) -> 143.5 | P66: =IF(D66=0,IF((N66-E66-O66)>0,(N66-E66-O66),0),IF((D66+N66-O66)>0,(D66+N66-O66),0)) -> 2761.41 | Q66: =IF(E66=0,IF((D66+N66-O66)<0,ABS(D66+N66-O66),0),IF((N66-E66-O66)<0,ABS(N66-E66-O66),0)) -> 0
A67: 59 | B67: Горошенко Л.С. | C67: 2059 | D67: 0 | E67: 478.63 | F67: 0 | G67: 49.3 | H67: 0 | I67: =W$2 -> 4.1 | J67: =ROUND(G67*I67,2) -> 202.13 | N67: =ROUND((G67*I67)-K67-L67-M67,2) -> 202.13 | O67: 300 | P67: =IF(D67=0,IF((N67-E67-O67)>0,(N67-E67-O67),0),IF((D67+N67-O67)>0,(D67+N67-O67),0)) -> 0 | Q67: =IF(E67=0,IF((D67+N67-O67)<0,ABS(D67+N67-O67),0),IF((N67-E67-O67)<0,ABS(N67-E67-O67),0)) -> 576.5
A68: 60 | B68: Неграчева Л.Г. | C68: 2060 | D68: 1690.78 | E68: 0 | F68: 0 | G68: 66.6 | H68: 0 | I68: =W$2 -> 4.1 | J68: =ROUND(G68*I68,2) -> 273.06 | N68: =ROUND((G68*I68)-K68-L68-M68,2) -> 273.06 | P68: =IF(D68=0,IF((N68-E68-O68)>0,(N68-E68-O68),0),IF((D68+N68-O68)>0,(D68+N68-O68),0)) -> 1963.84 | Q68: =IF(E68=0,IF((D68+N68-O68)<0,ABS(D68+N68-O68),0),IF((N68-E68-O68)<0,ABS(N68-E68-O68),0)) -> 0
A69: 61 | B69: Брежнєв О.В. | C69: 2061 | D69: 3270.68 | E69: 0 | F69: 0 | G69: 61.88 | H69: 0 | I69: =W$2 -> 4.1 | J69: =ROUND(G69*I69,2) -> 253.71 | N69: =ROUND((G69*I69)-K69-L69-M69,2) -> 253.71 | P69: =IF(D69=0,IF((N69-E69-O69)>0,(N69-E69-O69),0),IF((D69+N69-O69)>0,(D69+N69-O69),0)) -> 3524.39 | Q69: =IF(E69=0,IF((D69+N69-O69)<0,ABS(D69+N69-O69),0),IF((N69-E69-O69)<0,ABS(N69-E69-O69),0)) -> 0
A70: 62 | B70: Горбатюк К.О. | C70: 2062 | D70: 847.08 | E70: 0 | F70: 0 | G70: 34.96 | H70: 0 | I70: =W$2 -> 4.1 | J70: =ROUND(G70*I70,2) -> 143.34 | N70: =ROUND((G70*I70)-K70-L70-M70,2) -> 143.34 | P70: =IF(D70=0,IF((N70-E70-O70)>0,(N70-E70-O70),0),IF((D70+N70-O70)>0,(D70+N70-O70),0)) -> 990.42 | Q70: =IF(E70=0,IF((D70+N70-O70)<0,ABS(D70+N70-O70),0),IF((N70-E70-O70)<0,ABS(N70-E70-O70),0)) -> 0
A71: 63 | B71: Божик М.О. | C71: 2063 | D71: 988 | E71: 0 | F71: 0 | G71: 50.03 | H71: 0 | I71: =W$2 -> 4.1 | J71: =ROUND(G71*I71,2) -> 205.12 | N71: =ROUND((G71*I71)-K71-L71-M71,2) -> 205.12 | P71: =IF(D71=0,IF((N71-E71-O71)>0,(N71-E71-O71),0),IF((D71+N71-O71)>0,(D71+N71-O71),0)) -> 1193.12 | Q71: =IF(E71=0,IF((D71+N71-O71)<0,ABS(D71+N71-O71),0),IF((N71-E71-O71)<0,ABS(N71-E71-O71),0)) -> 0
A72: 64 | B72: Зайченко С.Л | C72: 2064 | D72: 2908.65 | E72: 0 | F72: 0 | G72: 65.15 | H72: 0 | I72: =W$2 -> 4.1 | J72: =ROUND(G72*I72,2) -> 267.12 | N72: =ROUND((G72*I72)-K72-L72-M72,2) -> 267.12 | P72: =IF(D72=0,IF((N72-E72-O72)>0,(N72-E72-O72),0),IF((D72+N72-O72)>0,(D72+N72-O72),0)) -> 3175.77 | Q72: =IF(E72=0,IF((D72+N72-O72)<0,ABS(D72+N72-O72),0),IF((N72-E72-O72)<0,ABS(N72-E72-O72),0)) -> 0
A73: 65 | B73: Бессараб Н.Г. | C73: 2065 | D73: 0 | E73: 11.31 | F73: 0 | G73: 63.41 | H73: 0 | I73: =W$2 -> 4.1 | J73: =ROUND(G73*I73,2) -> 259.98 | N73: =ROUND((G73*I73)-K73-L73-M73,2) -> 259.98 | P73: =IF(D73=0,IF((N73-E73-O73)>0,(N73-E73-O73),0),IF((D73+N73-O73)>0,(D73+N73-O73),0)) -> 248.67 | Q73: =IF(E73=0,IF((D73+N73-O73)<0,ABS(D73+N73-O73),0),IF((N73-E73-O73)<0,ABS(N73-E73-O73),0)) -> 0
A74: 66 | B74: Прохорова С.І. | C74: 2066 | D74: 1373.99 | E74: 0 | F74: 0 | G74: 35.19 | I74: =W$2 -> 4.1 | J74: =ROUND(G74*I74,2) -> 144.28 | N74: =ROUND((G74*I74)-K74-L74-M74,2) -> 144.28 | P74: =IF(D74=0,IF((N74-E74-O74)>0,(N74-E74-O74),0),IF((D74+N74-O74)>0,(D74+N74-O74),0)) -> 1518.27 | Q74: =IF(E74=0,IF((D74+N74-O74)<0,ABS(D74+N74-O74),0),IF((N74-E74-O74)<0,ABS(N74-E74-O74),0)) -> 0
A75: 67 | B75: Браташ А.Ф. | C75: 2067 | D75: 2517.27 | E75: 0 | F75: 0 | G75: 49.89 | H75: 0 | I75: =W$2 -> 4.1 | J75: =ROUND(G75*I75,2) -> 204.55 | N75: =ROUND((G75*I75)-K75-L75-M75,2) -> 204.55 | P75: =IF(D75=0,IF((N75-E75-O75)>0,(N75-E75-O75),0),IF((D75+N75-O75)>0,(D75+N75-O75),0)) -> 2721.82 | Q75: =IF(E75=0,IF((D75+N75-O75)<0,ABS(D75+N75-O75),0),IF((N75-E75-O75)<0,ABS(N75-E75-O75),0)) -> 0
A76: 68 | B76: Кудас Д.О. | C76: 2068 | D76: 240.02 | E76: 0 | F76: 0 | G76: 65.03 | H76: 0 | I76: =W$2 -> 4.1 | J76: =ROUND(G76*I76,2) -> 266.62 | L76: 266.62 | N76: =ROUND((G76*I76)-K76-L76-M76,2) -> 0 | P76: =IF(D76=0,IF((N76-E76-O76)>0,(N76-E76-O76),0),IF((D76+N76-O76)>0,(D76+N76-O76),0)) -> 240.02 | Q76: =IF(E76=0,IF((D76+N76-O76)<0,ABS(D76+N76-O76),0),IF((N76-E76-O76)<0,ABS(N76-E76-O76),0)) -> 0
A77: 69 | B77: Шушлєбін Б.В. | C77: 2069 | D77: 0 | E77: 43.39 | F77: 0 | G77: 62.11 | H77: 0 | I77: =W$2 -> 4.1 | J77: =ROUND(G77*I77,2) -> 254.65 | N77: =ROUND((G77*I77)-K77-L77-M77,2) -> 254.65 | P77: =IF(D77=0,IF((N77-E77-O77)>0,(N77-E77-O77),0),IF((D77+N77-O77)>0,(D77+N77-O77),0)) -> 211.26 | Q77: =IF(E77=0,IF((D77+N77-O77)<0,ABS(D77+N77-O77),0),IF((N77-E77-O77)<0,ABS(N77-E77-O77),0)) -> 0
A78: 70 | B78: Бородіна І.О. | C78: 2070 | D78: 1614.75 | E78: 0 | F78: 0 | G78: 34.9 | H78: 0 | I78: =W$2 -> 4.1 | J78: =ROUND(G78*I78,2) -> 143.09 | N78: =ROUND((G78*I78)-K78-L78-M78,2) -> 143.09 | P78: =IF(D78=0,IF((N78-E78-O78)>0,(N78-E78-O78),0),IF((D78+N78-O78)>0,(D78+N78-O78),0)) -> 1757.84 | Q78: =IF(E78=0,IF((D78+N78-O78)<0,ABS(D78+N78-O78),0),IF((N78-E78-O78)<0,ABS(N78-E78-O78),0)) -> 0
A79: 71 | B79: Котурга Л.Й. | C79: 2071 | D79: 440.18 | E79: 0 | F79: 0 | G79: 49.2 | H79: 0 | I79: =W$2 -> 4.1 | J79: =ROUND(G79*I79,2) -> 201.72 | N79: =ROUND((G79*I79)-K79-L79-M79,2) -> 201.72 | P79: =IF(D79=0,IF((N79-E79-O79)>0,(N79-E79-O79),0),IF((D79+N79-O79)>0,(D79+N79-O79),0)) -> 641.9 | Q79: =IF(E79=0,IF((D79+N79-O79)<0,ABS(D79+N79-O79),0),IF((N79-E79-O79)<0,ABS(N79-E79-O79),0)) -> 0
A80: 72 | B80: Горова О.І. | C80: 2072 | D80: 1676.47 | E80: 0 | F80: 0 | G80: 65.43 | H80: 0 | I80: =W$2 -> 4.1 | J80: =ROUND(G80*I80,2) -> 268.26 | N80: =ROUND((G80*I80)-K80-L80-M80,2) -> 268.26 | P80: =IF(D80=0,IF((N80-E80-O80)>0,(N80-E80-O80),0),IF((D80+N80-O80)>0,(D80+N80-O80),0)) -> 1944.73 | Q80: =IF(E80=0,IF((D80+N80-O80)<0,ABS(D80+N80-O80),0),IF((N80-E80-O80)<0,ABS(N80-E80-O80),0)) -> 0
A81: 73 | B81: Рибакевич М.П. | C81: 3073 | D81: 2652.1 | E81: 0 | F81: 0 | G81: 64.5 | H81: 0 | I81: =W$2 -> 4.1 | J81: =ROUND(G81*I81,2) -> 264.45 | N81: =ROUND((G81*I81)-K81-L81-M81,2) -> 264.45 | P81: =IF(D81=0,IF((N81-E81-O81)>0,(N81-E81-O81),0),IF((D81+N81-O81)>0,(D81+N81-O81),0)) -> 2916.55 | Q81: =IF(E81=0,IF((D81+N81-O81)<0,ABS(D81+N81-O81),0),IF((N81-E81-O81)<0,ABS(N81-E81-O81),0)) -> 0
A82: 74 | B82: Башкалов В.В. | C82: 3074 | D82: 1068.11 | E82: 0 | F82: 0 | G82: 50.8 | H82: 0 | I82: =W$2 -> 4.1 | J82: =ROUND(G82*I82,2) -> 208.28 | L82: 208.28 | N82: =ROUND((G82*I82)-K82-L82-M82,2) -> 0 | P82: =IF(D82=0,IF((N82-E82-O82)>0,(N82-E82-O82),0),IF((D82+N82-O82)>0,(D82+N82-O82),0)) -> 1068.11 | Q82: =IF(E82=0,IF((D82+N82-O82)<0,ABS(D82+N82-O82),0),IF((N82-E82-O82)<0,ABS(N82-E82-O82),0)) -> 0
A83: 75 | B83: Тіхенко Г.Д. | C83: 3075 | D83: 1466.27 | E83: 0 | F83: 0 | G83: 34.9 | H83: 0 | I83: =W$2 -> 4.1 | J83: =ROUND(G83*I83,2) -> 143.09 | N83: =ROUND((G83*I83)-K83-L83-M83,2) -> 143.09 | P83: =IF(D83=0,IF((N83-E83-O83)>0,(N83-E83-O83),0),IF((D83+N83-O83)>0,(D83+N83-O83),0)) -> 1609.36 | Q83: =IF(E83=0,IF((D83+N83-O83)<0,ABS(D83+N83-O83),0),IF((N83-E83-O83)<0,ABS(N83-E83-O83),0)) -> 0
A84: 76 | B84: Головченко В.Г. | C84: 3076 | D84: 1697.58 | E84: 0 | F84: 0 | G84: 61 | H84: 0 | I84: =W$2 -> 4.1 | J84: =ROUND(G84*I84,2) -> 250.1 | N84: =ROUND((G84*I84)-K84-L84-M84,2) -> 250.1 | P84: =IF(D84=0,IF((N84-E84-O84)>0,(N84-E84-O84),0),IF((D84+N84-O84)>0,(D84+N84-O84),0)) -> 1947.68 | Q84: =IF(E84=0,IF((D84+N84-O84)<0,ABS(D84+N84-O84),0),IF((N84-E84-O84)<0,ABS(N84-E84-O84),0)) -> 0
A85: 77 | B85: Семанішина Є.С. | C85: 3077 | D85: 1579.45 | E85: 0 | F85: 0 | G85: 64.5 | H85: 0 | I85: =W$2 -> 4.1 | J85: =ROUND(G85*I85,2) -> 264.45 | N85: =ROUND((G85*I85)-K85-L85-M85,2) -> 264.45 | P85: =IF(D85=0,IF((N85-E85-O85)>0,(N85-E85-O85),0),IF((D85+N85-O85)>0,(D85+N85-O85),0)) -> 1843.9 | Q85: =IF(E85=0,IF((D85+N85-O85)<0,ABS(D85+N85-O85),0),IF((N85-E85-O85)<0,ABS(N85-E85-O85),0)) -> 0
A86: 78 | B86: Зінченко Ю.В. | C86: 3078 | D86: 383.83 | E86: 0 | F86: 0 | G86: 49.3 | H86: 0 | I86: =W$2 -> 4.1 | J86: =ROUND(G86*I86,2) -> 202.13 | N86: =ROUND((G86*I86)-K86-L86-M86,2) -> 202.13 | O86: 210 | P86: =IF(D86=0,IF((N86-E86-O86)>0,(N86-E86-O86),0),IF((D86+N86-O86)>0,(D86+N86-O86),0)) -> 375.96 | Q86: =IF(E86=0,IF((D86+N86-O86)<0,ABS(D86+N86-O86),0),IF((N86-E86-O86)<0,ABS(N86-E86-O86),0)) -> 0
A87: 79 | B87: Рилова Г.П. | C87: 3079 | D87: 559.4 | E87: 0 | F87: 0 | G87: 35 | H87: 0 | I87: =W$2 -> 4.1 | J87: =ROUND(G87*I87,2) -> 143.5 | N87: =ROUND((G87*I87)-K87-L87-M87,2) -> 143.5 | P87: =IF(D87=0,IF((N87-E87-O87)>0,(N87-E87-O87),0),IF((D87+N87-O87)>0,(D87+N87-O87),0)) -> 702.9 | Q87: =IF(E87=0,IF((D87+N87-O87)<0,ABS(D87+N87-O87),0),IF((N87-E87-O87)<0,ABS(N87-E87-O87),0)) -> 0
A88: 80 | B88: Ленський І.О. | C88: 3080 | D88: 261.45 | E88: 0 | F88: 0 | G88: 61.8 | H88: 0 | I88: =W$2 -> 4.1 | J88: =ROUND(G88*I88,2) -> 253.38 | N88: =ROUND((G88*I88)-K88-L88-M88,2) -> 253.38 | O88: 265 | P88: =IF(D88=0,IF((N88-E88-O88)>0,(N88-E88-O88),0),IF((D88+N88-O88)>0,(D88+N88-O88),0)) -> 249.83 | Q88: =IF(E88=0,IF((D88+N88-O88)<0,ABS(D88+N88-O88),0),IF((N88-E88-O88)<0,ABS(N88-E88-O88),0)) -> 0
A89: 81 | B89: Слюсар О.О. | C89: 3081 | D89: 2833.55 | E89: 0 | F89: 0 | G89: 65.81 | H89: 0 | I89: =W$2 -> 4.1 | J89: =ROUND(G89*I89,2) -> 269.82 | N89: =ROUND((G89*I89)-K89-L89-M89,2) -> 269.82 | P89: =IF(D89=0,IF((N89-E89-O89)>0,(N89-E89-O89),0),IF((D89+N89-O89)>0,(D89+N89-O89),0)) -> 3103.37 | Q89: =IF(E89=0,IF((D89+N89-O89)<0,ABS(D89+N89-O89),0),IF((N89-E89-O89)<0,ABS(N89-E89-O89),0)) -> 0
A90: 82 | B90: Кісельов Г.О. | C90: 3082 | D90: 809.07 | E90: 0 | F90: 0 | G90: 49.7 | H90: 0 | I90: =W$2 -> 4.1 | J90: =ROUND(G90*I90,2) -> 203.77 | N90: =ROUND((G90*I90)-K90-L90-M90,2) -> 203.77 | P90: =IF(D90=0,IF((N90-E90-O90)>0,(N90-E90-O90),0),IF((D90+N90-O90)>0,(D90+N90-O90),0)) -> 1012.84 | Q90: =IF(E90=0,IF((D90+N90-O90)<0,ABS(D90+N90-O90),0),IF((N90-E90-O90)<0,ABS(N90-E90-O90),0)) -> 0
A91: 83 | B91: Губанова Н.С. | C91: 3083 | D91: 707.25 | E91: 0 | F91: 0 | G91: 34.5 | H91: 0 | I91: =W$2 -> 4.1 | J91: =ROUND(G91*I91,2) -> 141.45 | N91: =ROUND((G91*I91)-K91-L91-M91,2) -> 141.45 | P91: =IF(D91=0,IF((N91-E91-O91)>0,(N91-E91-O91),0),IF((D91+N91-O91)>0,(D91+N91-O91),0)) -> 848.7 | Q91: =IF(E91=0,IF((D91+N91-O91)<0,ABS(D91+N91-O91),0),IF((N91-E91-O91)<0,ABS(N91-E91-O91),0)) -> 0
A92: 84 | B92: Попова А.В. | C92: 3084 | D92: 0 | E92: 0.81 | F92: 0 | G92: 62.4 | I92: =W$2 -> 4.1 | J92: =ROUND(G92*I92,2) -> 255.84 | N92: =ROUND((G92*I92)-K92-L92-M92,2) -> 255.84 | P92: =IF(D92=0,IF((N92-E92-O92)>0,(N92-E92-O92),0),IF((D92+N92-O92)>0,(D92+N92-O92),0)) -> 255.03 | Q92: =IF(E92=0,IF((D92+N92-O92)<0,ABS(D92+N92-O92),0),IF((N92-E92-O92)<0,ABS(N92-E92-O92),0)) -> 0
A93: 85 | B93: Стародубець О.К. | C93: 3085 | D93: 2947.65 | E93: 0 | F93: 0 | G93: 66.46 | H93: 0 | I93: =W$2 -> 4.1 | J93: =ROUND(G93*I93,2) -> 272.49 | N93: =ROUND((G93*I93)-K93-L93-M93,2) -> 272.49 | P93: =IF(D93=0,IF((N93-E93-O93)>0,(N93-E93-O93),0),IF((D93+N93-O93)>0,(D93+N93-O93),0)) -> 3220.14 | Q93: =IF(E93=0,IF((D93+N93-O93)<0,ABS(D93+N93-O93),0),IF((N93-E93-O93)<0,ABS(N93-E93-O93),0)) -> 0
A94: 86 | B94: Сакун Т.А. | C94: 3086 | D94: 2446.58 | E94: 0 | F94: 0 | G94: 49.73 | H94: 0 | I94: =W$2 -> 4.1 | J94: =ROUND(G94*I94,2) -> 203.89 | N94: =ROUND((G94*I94)-K94-L94-M94,2) -> 203.89 | P94: =IF(D94=0,IF((N94-E94-O94)>0,(N94-E94-O94),0),IF((D94+N94-O94)>0,(D94+N94-O94),0)) -> 2650.47 | Q94: =IF(E94=0,IF((D94+N94-O94)<0,ABS(D94+N94-O94),0),IF((N94-E94-O94)<0,ABS(N94-E94-O94),0)) -> 0
A95: 87 | B95: Фатєєв Ю.О. | C95: 3087 | D95: 3792.45 | E95: 0 | F95: 0 | G95: 34.9 | H95: 0 | I95: =W$2 -> 4.1 | J95: =ROUND(G95*I95,2) -> 143.09 | N95: =ROUND((G95*I95)-K95-L95-M95,2) -> 143.09 | P95: =IF(D95=0,IF((N95-E95-O95)>0,(N95-E95-O95),0),IF((D95+N95-O95)>0,(D95+N95-O95),0)) -> 3935.54 | Q95: =IF(E95=0,IF((D95+N95-O95)<0,ABS(D95+N95-O95),0),IF((N95-E95-O95)<0,ABS(N95-E95-O95),0)) -> 0
A96: 88 | B96: Лукашов Є.В. | C96: 3088 | D96: 11440.95 | E96: 0 | F96: 0 | G96: 61.9 | H96: 0 | I96: =W$2 -> 4.1 | J96: =ROUND(G96*I96,2) -> 253.79 | N96: =ROUND((G96*I96)-K96-L96-M96,2) -> 253.79 | P96: =IF(D96=0,IF((N96-E96-O96)>0,(N96-E96-O96),0),IF((D96+N96-O96)>0,(D96+N96-O96),0)) -> 11694.74 | Q96: =IF(E96=0,IF((D96+N96-O96)<0,ABS(D96+N96-O96),0),IF((N96-E96-O96)<0,ABS(N96-E96-O96),0)) -> 0
A97: 89 | B97: Довбета В.М. | C97: 3089 | D97: 24.67 | E97: 0 | F97: 0 | G97: 65.3 | H97: 0 | I97: =W$2 -> 4.1 | J97: =ROUND(G97*I97,2) -> 267.73 | N97: =ROUND((G97*I97)-K97-L97-M97,2) -> 267.73 | O97: 300 | P97: =IF(D97=0,IF((N97-E97-O97)>0,(N97-E97-O97),0),IF((D97+N97-O97)>0,(D97+N97-O97),0)) -> 0 | Q97: =IF(E97=0,IF((D97+N97-O97)<0,ABS(D97+N97-O97),0),IF((N97-E97-O97)<0,ABS(N97-E97-O97),0)) -> 7.6
A98: 90 | B98: Черняк К.В. | C98: 3090 | D98: 0 | E98: 1625.63 | F98: 0 | G98: 49.48 | H98: 0 | I98: =W$2 -> 4.1 | J98: =ROUND(G98*I98,2) -> 202.87 | N98: =ROUND((G98*I98)-K98-L98-M98,2) -> 202.87 | P98: =IF(D98=0,IF((N98-E98-O98)>0,(N98-E98-O98),0),IF((D98+N98-O98)>0,(D98+N98-O98),0)) -> 0 | Q98: =IF(E98=0,IF((D98+N98-O98)<0,ABS(D98+N98-O98),0),IF((N98-E98-O98)<0,ABS(N98-E98-O98),0)) -> 1422.76
A99: 91 | B99: Удінцева Г.А. | C99: 3091 | D99: 307.28 | E99: 0 | F99: 0 | G99: 35.1 | H99: 0 | I99: =W$2 -> 4.1 | J99: =ROUND(G99*I99,2) -> 143.91 | N99: =ROUND((G99*I99)-K99-L99-M99,2) -> 143.91 | O99: 310 | P99: =IF(D99=0,IF((N99-E99-O99)>0,(N99-E99-O99),0),IF((D99+N99-O99)>0,(D99+N99-O99),0)) -> 141.19 | Q99: =IF(E99=0,IF((D99+N99-O99)<0,ABS(D99+N99-O99),0),IF((N99-E99-O99)<0,ABS(N99-E99-O99),0)) -> 0
A100: 92 | B100: Липка Г.Ю. | C100: 3092 | D100: 3627.68 | E100: 0 | F100: 0 | G100: 63.2 | H100: 0 | I100: =W$2 -> 4.1 | J100: =ROUND(G100*I100,2) -> 259.12 | N100: =ROUND((G100*I100)-K100-L100-M100,2) -> 259.12 | P100: =IF(D100=0,IF((N100-E100-O100)>0,(N100-E100-O100),0),IF((D100+N100-O100)>0,(D100+N100-O100),0)) -> 3886.8 | Q100: =IF(E100=0,IF((D100+N100-O100)<0,ABS(D100+N100-O100),0),IF((N100-E100-O100)<0,ABS(N100-E100-O100),0)) -> 0
A101: 93 | B101: Утьосов Д.М. | C101: 3093 | D101: 2638.48 | E101: 0 | F101: 0 | G101: 66.1 | H101: 0 | I101: =W$2 -> 4.1 | J101: =ROUND(G101*I101,2) -> 271.01 | N101: =ROUND((G101*I101)-K101-L101-M101,2) -> 271.01 | P101: =IF(D101=0,IF((N101-E101-O101)>0,(N101-E101-O101),0),IF((D101+N101-O101)>0,(D101+N101-O101),0)) -> 2909.49 | Q101: =IF(E101=0,IF((D101+N101-O101)<0,ABS(D101+N101-O101),0),IF((N101-E101-O101)<0,ABS(N101-E101-O101),0)) -> 0
A102: 94 | B102: Стеценко Д.М. | C102: 3094 | D102: 0.07 | E102: 0 | F102: 0 | G102: 49.8 | H102: 0 | I102: =W$2 -> 4.1 | J102: =ROUND(G102*I102,2) -> 204.18 | N102: =ROUND((G102*I102)-K102-L102-M102,2) -> 204.18 | P102: =IF(D102=0,IF((N102-E102-O102)>0,(N102-E102-O102),0),IF((D102+N102-O102)>0,(D102+N102-O102),0)) -> 204.25 | Q102: =IF(E102=0,IF((D102+N102-O102)<0,ABS(D102+N102-O102),0),IF((N102-E102-O102)<0,ABS(N102-E102-O102),0)) -> 0
...

Sheet лютий
A1: ОСББ "Карбишева - 22" | N1: 37465042
B2: Відомість нарахувань та оплати мешканців за утримання будинку
B3: у лютому 2023 року
A6: № кв. | B6: ПІБ | C6: Особ. рах. | D6: Д-Т | E6: К-Т | F6: Пільга % | G6: Заг.площа | H6: Пільг. Площа | I6: Внески | J6: 100% нарах. | K6: Пільгова сума | L6: сплачені суми пільг за реєстрами | M6: Коригування | N6: До сплати | O6: Сплачено | P6: Д-Т | Q6: К-Т
A7: 1 | B7: =січень!B7 -> Бережний В.М. | C7: =січень!C7 -> 1001 | D7: =січень!P7 -> 1314.7 | E7: =січень!Q7 -> 0 | F7: =січень!F7 -> 0 | G7: =січень!G7 -> 64.26 | H7: =січень!H7 -> 0 | I7: =січень!I7 -> 4.1 | J7: =ROUND(G7*I7,2) -> 263.47 | N7: =ROUND((G7*I7)-K7-L7-M7,2) -> 263.47 | P7: =IF(D7=0,IF((N7-E7-O7)>0,(N7-E7-O7),0),IF((D7+N7-O7)>0,(D7+N7-O7),0)) -> 1578.17 | Q7: =IF(E7=0,IF((D7+N7-O7)<0,ABS(D7+N7-O7),0),IF((N7-E7-O7)<0,ABS(N7-E7-O7),0)) -> 0
A8: 2 | B8: =січень!B8 -> Старикова Т.О. | C8: =січень!C8 -> 1002 | D8: =січень!P8 -> 2523.77 | E8: =січень!Q8 -> 0 | F8: =січень!F8 -> 0 | G8: =січень!G8 -> 48.71 | H8: =січень!H8 -> 0 | I8: =січень!I8 -> 4.1 | J8: =ROUND(G8*I8,2) -> 199.71 | N8: =ROUND((G8*I8)-K8-L8-M8,2) -> 199.71 | P8: =IF(D8=0,IF((N8-E8-O8)>0,(N8-E8-O8),0),IF((D8+N8-O8)>0,(D8+N8-O8),0)) -> 2723.48 | Q8: =IF(E8=0,IF((D8+N8-O8)<0,ABS(D8+N8-O8),0),IF((N8-E8-O8)<0,ABS(N8-E8-O8),0)) -> 0
A9: 3 | B9: =січень!B9 -> Мазур Т.В. | C9: =січень!C9 -> 1003 | D9: =січень!P9 -> 281 | E9: =січень!Q9 -> 0 | F9: =січень!F9 -> 0 | G9: =січень!G9 -> 35 | H9: =січень!H9 -> 0 | I9: =січень!I9 -> 4.1 | J9: =ROUND(G9*I9,2) -> 143.5 | N9: =ROUND((G9*I9)-K9-L9-M9,2) -> 143.5 | O9: 400 | P9: =IF(D9=0,IF((N9-E9-O9)>0,(N9-E9-O9),0),IF((D9+N9-O9)>0,(D9+N9-O9),0)) -> 24.5 | Q9: =IF(E9=0,IF((D9+N9-O9)<0,ABS(D9+N9-O9),0),IF((N9-E9-O9)<0,ABS(N9-E9-O9),0)) -> 0
A10: 4 | B10: =січень!B10 -> Сокол О.В. | C10: =січень!C10 -> 1004 | D10: =січень!P10 -> 0 | E10: =січень!Q10 -> 0.03 | F10: =січень!F10 -> 0 | G10: =січень!G10 -> 61.6 | H10: =січень!H10 -> 0 | I10: =січень!I10 -> 4.1 | J10: =ROUND(G10*I10,2) -> 252.56 | N10: =ROUND((G10*I10)-K10-L10-M10,2) -> 252.56 | O10: =252.56+252.56 -> 505.12 | P10: =IF(D10=0,IF((N10-E10-O10)>0,(N10-E10-O10),0),IF((D10+N10-O10)>0,(D10+N10-O10),0)) -> 0 | Q10: =IF(E10=0,IF((D10+N10-O10)<0,ABS(D10+N10-O10),0),IF((N10-E10-O10)<0,ABS(N10-E10-O10),0)) -> 252.59
A11: 5 | B11: =січень!B11 -> Семко Л.І. | C11: =січень!C11 -> 1005 | D11: =січень!P11 -> 277.22 | E11: =січень!Q11 -> 0 | F11: =січень!F11 -> 0 | G11: =січень!G11 -> 28.34 | H11: =січень!H11 -> 0 | I11: =січень!I11 -> 4.1 | J11: =ROUND(G11*I11,2) -> 116.19 | N11: =ROUND((G11*I11)-K11-L11-M11,2) -> 116.19 | P11: =IF(D11=0,IF((N11-E11-O11)>0,(N11-E11-O11),0),IF((D11+N11-O11)>0,(D11+N11-O11),0)) -> 393.41 | Q11: =IF(E11=0,IF((D11+N11-O11)<0,ABS(D11+N11-O11),0),IF((N11-E11-O11)<0,ABS(N11-E11-O11),0)) -> 0
A12: 5 | B12: =січень!B12 -> Гаркуша Н.І. | C12: =січень!C12 -> 1005-а | D12: =січень!P12 -> 248.41 | E12: =січень!Q12 -> 0 | F12: =січень!F12 -> 0 | G12: =січень!G12 -> 36.66 | H12: =січень!H12 -> 0 | I12: =січень!I12 -> 4.1 | J12: =ROUND(G12*I12,2) -> 150.31 | N12: =ROUND((G12*I12)-K12-L12-M12,2) -> 150.31 | O12: 500 | P12: =IF(D12=0,IF((N12-E12-O12)>0,(N12-E12-O12),0),IF((D12+N12-O12)>0,(D12+N12-O12),0)) -> 0 | Q12: =IF(E12=0,IF((D12+N12-O12)<0,ABS(D12+N12-O12),0),IF((N12-E12-O12)<0,ABS(N12-E12-O12),0)) -> 101.28
A13: 6 | B13: =січень!B13 -> Андріяшев В.М | C13: =січень!C13 -> 1006 | D13: =січень!P13 -> 1468.26 | E13: =січень!Q13 -> 0 | F13: =січень!F13 -> 0 | G13: =січень!G13 -> 49.8 | H13: =січень!H13 -> 0 | I13: =січень!I13 -> 4.1 | J13: =ROUND(G13*I13,2) -> 204.18 | N13: =ROUND((G13*I13)-K13-L13-M13,2) -> 204.18 | O13: 1025 | P13: =IF(D13=0,IF((N13-E13-O13)>0,(N13-E13-O13),0),IF((D13+N13-O13)>0,(D13+N13-O13),0)) -> 647.44 | Q13: =IF(E13=0,IF((D13+N13-O13)<0,ABS(D13+N13-O13),0),IF((N13-E13-O13)<0,ABS(N13-E13-O13),0)) -> 0
A14: 7 | B14: =січень!B14 -> Старчикова О.М. | C14: =січень!C14 -> 1007 | D14: =січень!P14 -> 0 | E14: =січень!Q14 -> 1.09 | F14: =січень!F14 -> 0 | G14: =січень!G14 -> 34.65 | H14: =січень!H14 -> 0 | I14: =січень!I14 -> 4.1 | J14: =ROUND(G14*I14,2) -> 142.07 | N14: =ROUND((G14*I14)-K14-L14-M14,2) -> 142.07 | P14: =IF(D14=0,IF((N14-E14-O14)>0,(N14-E14-O14),0),IF((D14+N14-O14)>0,(D14+N14-O14),0)) -> 140.98 | Q14: =IF(E14=0,IF((D14+N14-O14)<0,ABS(D14+N14-O14),0),IF((N14-E14-O14)<0,ABS(N14-E14-O14),0)) -> 0
A15: 8 | B15: =січень!B15 -> Безер Т.М | C15: =січень!C15 -> 1008 | D15: =січень!P15 -> 226.02 | E15: =січень!Q15 -> 0 | F15: =січень!F15 -> 0 | G15: =січень!G15 -> 62.14 | H15: =січень!H15 -> 0 | I15: =січень!I15 -> 4.1 | J15: =ROUND(G15*I15,2) -> 254.77 | N15: =ROUND((G15*I15)-K15-L15-M15,2) -> 254.77 | P15: =IF(D15=0,IF((N15-E15-O15)>0,(N15-E15-O15),0),IF((D15+N15-O15)>0,(D15+N15-O15),0)) -> 480.79 | Q15: =IF(E15=0,IF((D15+N15-O15)<0,ABS(D15+N15-O15),0),IF((N15-E15-O15)<0,ABS(N15-E15-O15),0)) -> 0
A16: 9 | B16: =січень!B16 -> Решетило М.М | C16: =січень!C16 -> 1009 | D16: =січень!P16 -> 3173.12 | E16: =січень!Q16 -> 0 | F16: =січень!F16 -> 0 | G16: =січень!G16 -> 65.16 | H16: =січень!H16 -> 0 | I16: =січень!I16 -> 4.1 | J16: =ROUND(G16*I16,2) -> 267.16 | N16: =ROUND((G16*I16)-K16-L16-M16,2) -> 267.16 | P16: =IF(D16=0,IF((N16-E16-O16)>0,(N16-E16-O16),0),IF((D16+N16-O16)>0,(D16+N16-O16),0)) -> 3440.28 | Q16: =IF(E16=0,IF((D16+N16-O16)<0,ABS(D16+N16-O16),0),IF((N16-E16-O16)<0,ABS(N16-E16-O16),0)) -> 0
A17: 10 | B17: =січень!B17 -> Фесенко О.В. | C17: =січень!C17 -> 1010 | D17: =січень!P17 -> 1787.34 | E17: =січень!Q17 -> 0 | F17: =січень!F17 -> 0 | G17: =січень!G17 -> 50.1 | H17: =січень!H17 -> 0 | I17: =січень!I17 -> 4.1 | J17: =ROUND(G17*I17,2) -> 205.41 | N17: =ROUND((G17*I17)-K17-L17-M17,2) -> 205.41 | P17: =IF(D17=0,IF((N17-E17-O17)>0,(N17-E17-O17),0),IF((D17+N17-O17)>0,(D17+N17-O17),0)) -> 1992.75 | Q17: =IF(E17=0,IF((D17+N17-O17)<0,ABS(D17+N17-O17),0),IF((N17-E17-O17)<0,ABS(N17-E17-O17),0)) -> 0
A18: 11 | B18: =січень!B18 -> Петренко О.М. | C18: =січень!C18 -> 1011 | D18: =січень!P18 -> 1497 | E18: =січень!Q18 -> 0 | F18: =січень!F18 -> 0 | G18: =січень!G18 -> 35.2 | H18: =січень!H18 -> 0 | I18: =січень!I18 -> 4.1 | J18: =ROUND(G18*I18,2) -> 144.32 | N18: =ROUND((G18*I18)-K18-L18-M18,2) -> 144.32 | P18: =IF(D18=0,IF((N18-E18-O18)>0,(N18-E18-O18),0),IF((D18+N18-O18)>0,(D18+N18-O18),0)) -> 1641.32 | Q18: =IF(E18=0,IF((D18+N18-O18)<0,ABS(D18+N18-O18),0),IF((N18-E18-O18)<0,ABS(N18-E18-O18),0)) -> 0
A19: 12 | B19: =січень!B19 -> Зеленюк А.Д | C19: =січень!C19 -> 1012 | D19: =січень!P19 -> 3170.61 | E19: =січень!Q19 -> 0 | F19: =січень!F19 -> 0 | G19: =січень!G19 -> 62.78 | H19: =січень!H19 -> 0 | I19: =січень!I19 -> 4.1 | J19: =ROUND(G19*I19,2) -> 257.4 | N19: =ROUND((G19*I19)-K19-L19-M19,2) -> 257.4 | P19: =IF(D19=0,IF((N19-E19-O19)>0,(N19-E19-O19),0),IF((D19+N19-O19)>0,(D19+N19-O19),0)) -> 3428.01 | Q19: =IF(E19=0,IF((D19+N19-O19)<0,ABS(D19+N19-O19),0),IF((N19-E19-O19)<0,ABS(N19-E19-O19),0)) -> 0
A20: 13 | B20: =січень!B20 -> Вовк І.В | C20: =січень!C20 -> 1013 | D20: =січень!P20 -> 2252.61 | E20: =січень!Q20 -> 0 | F20: =січень!F20 -> 0 | G20: =січень!G20 -> 28.23 | H20: =січень!H20 -> 0 | I20: =січень!I20 -> 4.1 | J20: =ROUND(G20*I20,2) -> 115.74 | N20: =ROUND((G20*I20)-K20-L20-M20,2) -> 115.74 | P20: =IF(D20=0,IF((N20-E20-O20)>0,(N20-E20-O20),0),IF((D20+N20-O20)>0,(D20+N20-O20),0)) -> 2368.35 | Q20: =IF(E20=0,IF((D20+N20-O20)<0,ABS(D20+N20-O20),0),IF((N20-E20-O20)<0,ABS(N20-E20-O20),0)) -> 0
A21: 13 | B21: =січень!B21 -> Романовський В.М | C21: =січень!C21 -> 1013-а | D21: =січень!P21 -> 3413.04 | E21: =січень!Q21 -> 0 | F21: =січень!F21 -> 0 | G21: =січень!G21 -> 37.84 | H21: =січень!H21 -> 0 | I21: =січень!I21 -> 4.1 | J21: =ROUND(G21*I21,2) -> 155.14 | N21: =ROUND((G21*I21)-K21-L21-M21,2) -> 155.14 | P21: =IF(D21=0,IF((N21-E21-O21)>0,(N21-E21-O21),0),IF((D21+N21-O21)>0,(D21+N21-O21),0)) -> 3568.18 | Q21: =IF(E21=0,IF((D21+N21-O21)<0,ABS(D21+N21-O21),0),IF((N21-E21-O21)<0,ABS(N21-E21-O21),0)) -> 0
A22: 14 | B22: =січень!B22 -> Ряба Л.І | C22: =січень!C22 -> 1014 | D22: =січень!P22 -> 913.16 | E22: =січень!Q22 -> 0 | F22: =січень!F22 -> 0 | G22: =січень!G22 -> 49.24 | H22: =січень!H22 -> 0 | I22: =січень!I22 -> 4.1 | J22: =ROUND(G22*I22,2) -> 201.88 | N22: =ROUND((G22*I22)-K22-L22-M22,2) -> 201.88 | P22: =IF(D22=0,IF((N22-E22-O22)>0,(N22-E22-O22),0),IF((D22+N22-O22)>0,(D22+N22-O22),0)) -> 1115.04 | Q22: =IF(E22=0,IF((D22+N22-O22)<0,ABS(D22+N22-O22),0),IF((N22-E22-O22)<0,ABS(N22-E22-O22),0)) -> 0
A23: 15 | B23: =січень!B23 -> Кас'янова О.А. | C23: =січень!C23 -> 1015 | D23: =січень!P23 -> 1052.95 | E23: =січень!Q23 -> 0 | F23: =січень!F23 -> 0 | G23: =січень!G23 -> 35.1 | H23: =січень!H23 -> 0 | I23: =січень!I23 -> 4.1 | J23: =ROUND(G23*I23,2) -> 143.91 | N23: =ROUND((G23*I23)-K23-L23-M23,2) -> 143.91 | P23: =IF(D23=0,IF((N23-E23-O23)>0,(N23-E23-O23),0),IF((D23+N23-O23)>0,(D23+N23-O23),0)) -> 1196.86 | Q23: =IF(E23=0,IF((D23+N23-O23)<0,ABS(D23+N23-O23),0),IF((N23-E23-O23)<0,ABS(N23-E23-O23),0)) -> 0
A24: 16 | B24: =січень!B24 -> Корякіна М.В. | C24: =січень!C24 -> 1016 | D24: =січень!P24 -> 1606.2 | E24: =січень!Q24 -> 0 | F24: =січень!F24 -> 0 | G24: =січень!G24 -> 61.9 | H24: =січень!H24 -> 0 | I24: =січень!I24 -> 4.1 | J24: =ROUND(G24*I24,2) -> 253.79 | N24: =ROUND((G24*I24)-K24-L24-M24,2) -> 253.79 | P24: =IF(D24=0,IF((N24-E24-O24)>0,(N24-E24-O24),0),IF((D24+N24-O24)>0,(D24+N24-O24),0)) -> 1859.99 | Q24: =IF(E24=0,IF((D24+N24-O24)<0,ABS(D24+N24-O24),0),IF((N24-E24-O24)<0,ABS(N24-E24-O24),0)) -> 0
A25: 17 | B25: =січень!B25 -> Сокерчак А.В. | C25: =січень!C25 -> 1017 | D25: =січень!P25 -> 271.83 | E25: =січень!Q25 -> 0 | F25: =січень!F25 -> 0 | G25: =січень!G25 -> 66.3 | H25: =січень!H25 -> 0 | I25: =січень!I25 -> 4.1 | J25: =ROUND(G25*I25,2) -> 271.83 | N25: =ROUND((G25*I25)-K25-L25-M25,2) -> 271.83 | O25: 815.49 | P25: =IF(D25=0,IF((N25-E25-O25)>0,(N25-E25-O25),0),IF((D25+N25-O25)>0,(D25+N25-O25),0)) -> 0 | Q25: =IF(E25=0,IF((D25+N25-O25)<0,ABS(D25+N25-O25),0),IF((N25-E25-O25)<0,ABS(N25-E25-O25),0)) -> 271.83
A26: 18 | B26: =січень!B26 -> Кравченко В.А | C26: =січень!C26 -> 1018 | D26: =січень!P26 -> 0 | E26: =січень!Q26 -> 1406.07 | F26: =січень!F26 -> 0 | G26: =січень!G26 -> 51.48 | H26: =січень!H26 -> 0 | I26: =січень!I26 -> 4.1 | J26: =ROUND(G26*I26,2) -> 211.07 | L26: 211.07 | N26: =ROUND((G26*I26)-K26-L26-M26,2) -> 0 | P26: =IF(D26=0,IF((N26-E26-O26)>0,(N26-E26-O26),0),IF((D26+N26-O26)>0,(D26+N26-O26),0)) -> 0 | Q26: =IF(E26=0,IF((D26+N26-O26)<0,ABS(D26+N26-O26),0),IF((N26-E26-O26)<0,ABS(N26-E26-O26),0)) -> 1406.07
A27: 19 | B27: =січень!B27 -> Чичикало А.С | C27: =січень!C27 -> 1019 | D27: =січень!P27 -> 142.29 | E27: =січень!Q27 -> 0 | F27: =січень!F27 -> 0 | G27: =січень!G27 -> 35.1 | H27: =січень!H27 -> 0 | I27: =січень!I27 -> 4.1 | J27: =ROUND(G27*I27,2) -> 143.91 | N27: =ROUND((G27*I27)-K27-L27-M27,2) -> 143.91 | P27: =IF(D27=0,IF((N27-E27-O27)>0,(N27-E27-O27),0),IF((D27+N27-O27)>0,(D27+N27-O27),0)) -> 286.2 | Q27: =IF(E27=0,IF((D27+N27-O27)<0,ABS(D27+N27-O27),0),IF((N27-E27-O27)<0,ABS(N27-E27-O27),0)) -> 0
A28: 20 | B28: =січень!B28 -> Сільващук А.А | C28: =січень!C28 -> 1020 | D28: =січень!P28 -> 257.07 | E28: =січень!Q28 -> 0 | F28: =січень!F28 -> 0 | G28: =січень!G28 -> 62.7 | H28: =січень!H28 -> 0 | I28: =січень!I28 -> 4.1 | J28: =ROUND(G28*I28,2) -> 257.07 | N28: =ROUND((G28*I28)-K28-L28-M28,2) -> 257.07 | O28: 1285.35 | P28: =IF(D28=0,IF((N28-E28-O28)>0,(N28-E28-O28),0),IF((D28+N28-O28)>0,(D28+N28-O28),0)) -> 0 | Q28: =IF(E28=0,IF((D28+N28-O28)<0,ABS(D28+N28-O28),0),IF((N28-E28-O28)<0,ABS(N28-E28-O28),0)) -> 771.21
A29: 21 | B29: =січень!B29 -> Стеценко Г.М | C29: =січень!C29 -> 1021 | D29: =січень!P29 -> 1971.54 | E29: =січень!Q29 -> 0 | F29: =січень!F29 -> 0 | G29: =січень!G29 -> 65.32 | H29: =січень!H29 -> 0 | I29: =січень!I29 -> 4.1 | J29: =ROUND(G29*I29,2) -> 267.81 | N29: =ROUND((G29*I29)-K29-L29-M29,2) -> 267.81 | O29: 500 | P29: =IF(D29=0,IF((N29-E29-O29)>0,(N29-E29-O29),0),IF((D29+N29-O29)>0,(D29+N29-O29),0)) -> 1739.35 | Q29: =IF(E29=0,IF((D29+N29-O29)<0,ABS(D29+N29-O29),0),IF((N29-E29-O29)<0,ABS(N29-E29-O29),0)) -> 0
A30: 22 | B30: =січень!B30 -> Кирдячкіна П.А | C30: =січень!C30 -> 1022 | D30: =січень!P30 -> 1203.93 | E30: =січень!Q30 -> 0 | F30: =січень!F30 -> 0 | G30: =січень!G30 -> 49.7 | H30: =січень!H30 -> 0 | I30: =січень!I30 -> 4.1 | J30: =ROUND(G30*I30,2) -> 203.77 | N30: =ROUND((G30*I30)-K30-L30-M30,2) -> 203.77 | P30: =IF(D30=0,IF((N30-E30-O30)>0,(N30-E30-O30),0),IF((D30+N30-O30)>0,(D30+N30-O30),0)) -> 1407.7 | Q30: =IF(E30=0,IF((D30+N30-O30)<0,ABS(D30+N30-O30),0),IF((N30-E30-O30)<0,ABS(N30-E30-O30),0)) -> 0
A31: 23 | B31: =січень!B31 -> Фоміченко Л.А | C31: =січень!C31 -> 1023 | D31: =січень!P31 -> 143.91 | E31: =січень!Q31 -> 0 | F31: =січень!F31 -> 0 | G31: =січень!G31 -> 35.1 | H31: =січень!H31 -> 0 | I31: =січень!I31 -> 4.1 | J31: =ROUND(G31*I31,2) -> 143.91 | N31: =ROUND((G31*I31)-K31-L31-M31,2) -> 143.91 | P31: =IF(D31=0,IF((N31-E31-O31)>0,(N31-E31-O31),0),IF((D31+N31-O31)>0,(D31+N31-O31),0)) -> 287.82 | Q31: =IF(E31=0,IF((D31+N31-O31)<0,ABS(D31+N31-O31),0),IF((N31-E31-O31)<0,ABS(N31-E31-O31),0)) -> 0
A32: 24 | B32: =січень!B32 -> Сердюк А.Г | C32: =січень!C32 -> 1024 | D32: =січень!P32 -> 1884.08 | E32: =січень!Q32 -> 0 | F32: =січень!F32 -> 0 | G32: =січень!G32 -> 62.31 | H32: =січень!H32 -> 0 | I32: =січень!I32 -> 4.1 | J32: =ROUND(G32*I32,2) -> 255.47 | N32: =ROUND((G32*I32)-K32-L32-M32,2) -> 255.47 | O32: 500 | P32: =IF(D32=0,IF((N32-E32-O32)>0,(N32-E32-O32),0),IF((D32+N32-O32)>0,(D32+N32-O32),0)) -> 1639.55 | Q32: =IF(E32=0,IF((D32+N32-O32)<0,ABS(D32+N32-O32),0),IF((N32-E32-O32)<0,ABS(N32-E32-O32),0)) -> 0
A33: 25 | B33: =січень!B33 -> Михальченко Г.М | C33: =січень!C33 -> 1025 | D33: =січень!P33 -> 3054.14 | E33: =січень!Q33 -> 0 | F33: =січень!F33 -> 0 | G33: =січень!G33 -> 65.04 | H33: =січень!H33 -> 0 | I33: =січень!I33 -> 4.1 | J33: =ROUND(G33*I33,2) -> 266.66 | N33: =ROUND((G33*I33)-K33-L33-M33,2) -> 266.66 | P33: =IF(D33=0,IF((N33-E33-O33)>0,(N33-E33-O33),0),IF((D33+N33-O33)>0,(D33+N33-O33),0)) -> 3320.8 | Q33: =IF(E33=0,IF((D33+N33-O33)<0,ABS(D33+N33-O33),0),IF((N33-E33-O33)<0,ABS(N33-E33-O33),0)) -> 0
A34: 26 | B34: =січень!B34 -> Замуховська Я.С | C34: =січень!C34 -> 1026 | D34: =січень!P34 -> 1241.15 | E34: =січень!Q34 -> 0 | F34: =січень!F34 -> 0 | G34: =січень!G34 -> 49.8 | H34: =січень!H34 -> 0 | I34: =січень!I34 -> 4.1 | J34: =ROUND(G34*I34,2) -> 204.18 | N34: =ROUND((G34*I34)-K34-L34-M34,2) -> 204.18 | P34: =IF(D34=0,IF((N34-E34-O34)>0,(N34-E34-O34),0),IF((D34+N34-O34)>0,(D34+N34-O34),0)) -> 1445.33 | Q34: =IF(E34=0,IF((D34+N34-O34)<0,ABS(D34+N34-O34),0),IF((N34-E34-O34)<0,ABS(N34-E34-O34),0)) -> 0
A35: 27 | B35: =січень!B35 -> Мержиєвська Г.К | C35: =січень!C35 -> 1027 | D35: =січень!P35 -> 1063.1 | E35: =січень!Q35 -> 0 | F35: =січень!F35 -> 0 | G35: =січень!G35 -> 35.17 | H35: =січень!H35 -> 0 | I35: =січень!I35 -> 4.1 | J35: =ROUND(G35*I35,2) -> 144.2 | N35: =ROUND((G35*I35)-K35-L35-M35,2) -> 144.2 | O35: 500 | P35: =IF(D35=0,IF((N35-E35-O35)>0,(N35-E35-O35),0),IF((D35+N35-O35)>0,(D35+N35-O35),0)) -> 707.3 | Q35: =IF(E35=0,IF((D35+N35-O35)<0,ABS(D35+N35-O35),0),IF((N35-E35-O35)<0,ABS(N35-E35-O35),0)) -> 0
A36: 28 | B36: =січень!B36 -> Кулакова Л.В. | C36: =січень!C36 -> 1028 | D36: =січень!P36 -> 229.44 | E36: =січень!Q36 -> 0 | F36: =січень!F36 -> 0 | G36: =січень!G36 -> 62.47 | H36: =січень!H36 -> 0 | I36: =січень!I36 -> 4.1 | J36: =ROUND(G36*I36,2) -> 256.13 | N36: =ROUND((G36*I36)-K36-L36-M36,2) -> 256.13 | P36: =IF(D36=0,IF((N36-E36-O36)>0,(N36-E36-O36),0),IF((D36+N36-O36)>0,(D36+N36-O36),0)) -> 485.57 | Q36: =IF(E36=0,IF((D36+N36-O36)<0,ABS(D36+N36-O36),0),IF((N36-E36-O36)<0,ABS(N36-E36-O36),0)) -> 0
A37: 29 | B37: =січень!B37 -> Бочаров В.Л. | C37: =січень!C37 -> 1029 | D37: =січень!P37 -> 1748.22 | E37: =січень!Q37 -> 0 | F37: =січень!F37 -> 0 | G37: =січень!G37 -> 65.75 | H37: =січень!H37 -> 0 | I37: =січень!I37 -> 4.1 | J37: =ROUND(G37*I37,2) -> 269.58 | N37: =ROUND((G37*I37)-K37-L37-M37,2) -> 269.58 | P37: =IF(D37=0,IF((N37-E37-O37)>0,(N37-E37-O37),0),IF((D37+N37-O37)>0,(D37+N37-O37),0)) -> 2017.8 | Q37: =IF(E37=0,IF((D37+N37-O37)<0,ABS(D37+N37-O37),0),IF((N37-E37-O37)<0,ABS(N37-E37-O37),0)) -> 0
A38: 30 | B38: =січень!B38 -> Лучков В.Л. | C38: =січень!C38 -> 1030 | D38: =січень!P38 -> 2436.6 | E38: =січень!Q38 -> 0 | F38: =січень!F38 -> 0 | G38: =січень!G38 -> 49.7 | H38: =січень!H38 -> 0 | I38: =січень!I38 -> 4.1 | J38: =ROUND(G38*I38,2) -> 203.77 | N38: =ROUND((G38*I38)-K38-L38-M38,2) -> 203.77 | P38: =IF(D38=0,IF((N38-E38-O38)>0,(N38-E38-O38),0),IF((D38+N38-O38)>0,(D38+N38-O38),0)) -> 2640.37 | Q38: =IF(E38=0,IF((D38+N38-O38)<0,ABS(D38+N38-O38),0),IF((N38-E38-O38)<0,ABS(N38-E38-O38),0)) -> 0
A39: 31 | B39: =січень!B39 -> Кашкар Т.М. | C39: =січень!C39 -> 1031 | D39: =січень!P39 -> 0 | E39: =січень!Q39 -> 5.6843419e-14 | F39: =січень!F39 -> 0 | G39: =січень!G39 -> 35.1 | H39: =січень!H39 -> 0 | I39: =січень!I39 -> 4.1 | J39: =ROUND(G39*I39,2) -> 143.91 | N39: =ROUND((G39*I39)-K39-L39-M39,2) -> 143.91 | O39: 143.91 | P39: =IF(D39=0,IF((N39-E39-O39)>0,(N39-E39-O39),0),IF((D39+N39-O39)>0,(D39+N39-O39),0)) -> 0 | Q39: =IF(E39=0,IF((D39+N39-O39)<0,ABS(D39+N39-O39),0),IF((N39-E39-O39)<0,ABS(N39-E39-O39),0)) -> 0
A40: 32 | B40: =січень!B40 -> Стецюк Н.П. | C40: =січень!C40 -> 1032 | D40: =січень!P40 -> 2013.46 | E40: =січень!Q40 -> 0 | F40: =січень!F40 -> 0 | G40: =січень!G40 -> 61.9 | H40: =січень!H40 -> 0 | I40: =січень!I40 -> 4.1 | J40: =ROUND(G40*I40,2) -> 253.79 | N40: =ROUND((G40*I40)-K40-L40-M40,2) -> 253.79 | P40: =IF(D40=0,IF((N40-E40-O40)>0,(N40-E40-O40),0),IF((D40+N40-O40)>0,(D40+N40-O40),0)) -> 2267.25 | Q40: =IF(E40=0,IF((D40+N40-O40)<0,ABS(D40+N40-O40),0),IF((N40-E40-O40)<0,ABS(N40-E40-O40),0)) -> 0
A41: 33 | B41: =січень!B41 -> Маханько В.О. | C41: =січень!C41 -> 1033 | D41: =січень!P41 -> 1232.64 | E41: =січень!Q41 -> 0 | F41: =січень!F41 -> 0 | G41: =січень!G41 -> 65.53 | H41: =січень!H41 -> 0 | I41: =січень!I41 -> 4.1 | J41: =ROUND(G41*I41,2) -> 268.67 | L41: 268.67 | N41: =ROUND((G41*I41)-K41-L41-M41,2) -> 0 | P41: =IF(D41=0,IF((N41-E41-O41)>0,(N41-E41-O41),0),IF((D41+N41-O41)>0,(D41+N41-O41),0)) -> 1232.64 | Q41: =IF(E41=0,IF((D41+N41-O41)<0,ABS(D41+N41-O41),0),IF((N41-E41-O41)<0,ABS(N41-E41-O41),0)) -> 0
A42: 34 | B42: =січень!B42 -> Реуцька Р.С. | C42: =січень!C42 -> 1034 | D42: =січень!P42 -> 1129.51 | E42: =січень!Q42 -> 0 | F42: =січень!F42 -> 0 | G42: =січень!G42 -> 49.7 | H42: =січень!H42 -> 0 | I42: =січень!I42 -> 4.1 | J42: =ROUND(G42*I42,2) -> 203.77 | N42: =ROUND((G42*I42)-K42-L42-M42,2) -> 203.77 | P42: =IF(D42=0,IF((N42-E42-O42)>0,(N42-E42-O42),0),IF((D42+N42-O42)>0,(D42+N42-O42),0)) -> 1333.28 | Q42: =IF(E42=0,IF((D42+N42-O42)<0,ABS(D42+N42-O42),0),IF((N42-E42-O42)<0,ABS(N42-E42-O42),0)) -> 0
A43: 35 | B43: =січень!B43 -> Колесникова Р.Г. | C43: =січень!C43 -> 1035 | D43: =січень!P43 -> 740.21 | E43: =січень!Q43 -> 0 | F43: =січень!F43 -> 0 | G43: =січень!G43 -> 35.1 | H43: =січень!H43 -> 0 | I43: =січень!I43 -> 4.1 | J43: =ROUND(G43*I43,2) -> 143.91 | N43: =ROUND((G43*I43)-K43-L43-M43,2) -> 143.91 | P43: =IF(D43=0,IF((N43-E43-O43)>0,(N43-E43-O43),0),IF((D43+N43-O43)>0,(D43+N43-O43),0)) -> 884.12 | Q43: =IF(E43=0,IF((D43+N43-O43)<0,ABS(D43+N43-O43),0),IF((N43-E43-O43)<0,ABS(N43-E43-O43),0)) -> 0
A44: 36 | B44: =січень!B44 -> Кучеренко М.М. | C44: =січень!C44 -> 1036 | D44: =січень!P44 -> 3141.54 | E44: =січень!Q44 -> 0 | F44: =січень!F44 -> 0 | G44: =січень!G44 -> 61.88 | H44: =січень!H44 -> 0 | I44: =січень!I44 -> 4.1 | J44: =ROUND(G44*I44,2) -> 253.71 | N44: =ROUND((G44*I44)-K44-L44-M44,2) -> 253.71 | P44: =IF(D44=0,IF((N44-E44-O44)>0,(N44-E44-O44),0),IF((D44+N44-O44)>0,(D44+N44-O44),0)) -> 3395.25 | Q44: =IF(E44=0,IF((D44+N44-O44)<0,ABS(D44+N44-O44),0),IF((N44-E44-O44)<0,ABS(N44-E44-O44),0)) -> 0
A45: 37 | B45: =січень!B45 -> Гурова О.М. | C45: =січень!C45 -> 2037 | D45: =січень!P45 -> 1213.69 | E45: =січень!Q45 -> 0 | F45: =січень!F45 -> 0 | G45: =січень!G45 -> 62.2 | H45: =січень!H45 -> 0 | I45: =січень!I45 -> 4.1 | J45: =ROUND(G45*I45,2) -> 255.02 | N45: =ROUND((G45*I45)-K45-L45-M45,2) -> 255.02 | O45: 1530.12 | P45: =IF(D45=0,IF((N45-E45-O45)>0,(N45-E45-O45),0),IF((D45+N45-O45)>0,(D45+N45-O45),0)) -> 0 | Q45: =IF(E45=0,IF((D45+N45-O45)<0,ABS(D45+N45-O45),0),IF((N45-E45-O45)<0,ABS(N45-E45-O45),0)) -> 61.41
A46: 38 | B46: =січень!B46 -> Федорова В.І. | C46: =січень!C46 -> 2038 | D46: =січень!P46 -> 549.09 | E46: =січень!Q46 -> 0 | F46: =січень!F46 -> 0 | G46: =січень!G46 -> 34.9 | H46: =січень!H46 -> 0 | I46: =січень!I46 -> 4.1 | J46: =ROUND(G46*I46,2) -> 143.09 | N46: =ROUND((G46*I46)-K46-L46-M46,2) -> 143.09 | P46: =IF(D46=0,IF((N46-E46-O46)>0,(N46-E46-O46),0),IF((D46+N46-O46)>0,(D46+N46-O46),0)) -> 692.18 | Q46: =IF(E46=0,IF((D46+N46-O46)<0,ABS(D46+N46-O46),0),IF((N46-E46-O46)<0,ABS(N46-E46-O46),0)) -> 0
A47: 39 | B47: =січень!B47 -> Лаптєв В.І. | C47: =січень!C47 -> 2039 | D47: =січень!P47 -> 200.12 | E47: =січень!Q47 -> 0 | F47: =січень!F47 -> 0 | G47: =січень!G47 -> 48.8 | H47: =січень!H47 -> 0 | I47: =січень!I47 -> 4.1 | J47: =ROUND(G47*I47,2) -> 200.08 | N47: =ROUND((G47*I47)-K47-L47-M47,2) -> 200.08 | O47: 200.1 | P47: =IF(D47=0,IF((N47-E47-O47)>0,(N47-E47-O47),0),IF((D47+N47-O47)>0,(D47+N47-O47),0)) -> 200.1 | Q47: =IF(E47=0,IF((D47+N47-O47)<0,ABS(D47+N47-O47),0),IF((N47-E47-O47)<0,ABS(N47-E47-O47),0)) -> 0
A48: 40 | B48: =січень!B48 -> Тимощук О.Є. | C48: =січень!C48 -> 2040 | D48: =січень!P48 -> 964.2 | E48: =січень!Q48 -> 0 | F48: =січень!F48 -> 0 | G48: =січень!G48 -> 57.3 | H48: =січень!H48 -> 0 | I48: =січень!I48 -> 4.1 | J48: =ROUND(G48*I48,2) -> 234.93 | N48: =ROUND((G48*I48)-K48-L48-M48,2) -> 234.93 | O48: =205+300 -> 505 | P48: =IF(D48=0,IF((N48-E48-O48)>0,(N48-E48-O48),0),IF((D48+N48-O48)>0,(D48+N48-O48),0)) -> 694.13 | Q48: =IF(E48=0,IF((D48+N48-O48)<0,ABS(D48+N48-O48),0),IF((N48-E48-O48)<0,ABS(N48-E48-O48),0)) -> 0
A49: 41 | B49: =січень!B49 -> Котяш О.В. | C49: =січень!C49 -> 2041 | D49: =січень!P49 -> 2074.1 | E49: =січень!Q49 -> 0 | F49: =січень!F49 -> 0 | G49: =січень!G49 -> 63.3 | H49: =січень!H49 -> 0 | I49: =січень!I49 -> 4.1 | J49: =ROUND(G49*I49,2) -> 259.53 | N49: =ROUND((G49*I49)-K49-L49-M49,2) -> 259.53 | P49: =IF(D49=0,IF((N49-E49-O49)>0,(N49-E49-O49),0),IF((D49+N49-O49)>0,(D49+N49-O49),0)) -> 2333.63 | Q49: =IF(E49=0,IF((D49+N49-O49)<0,ABS(D49+N49-O49),0),IF((N49-E49-O49)<0,ABS(N49-E49-O49),0)) -> 0
A50: 42 | B50: =січень!B50 -> Токовило-Паращенко Л.П. | C50: =січень!C50 -> 2042 | D50: =січень!P50 -> 1177.66 | E50: =січень!Q50 -> 0 | F50: =січень!F50 -> 0 | G50: =січень!G50 -> 35.68 | H50: =січень!H50 -> 0 | I50: =січень!I50 -> 4.1 | J50: =ROUND(G50*I50,2) -> 146.29 | N50: =ROUND((G50*I50)-K50-L50-M50,2) -> 146.29 | P50: =IF(D50=0,IF((N50-E50-O50)>0,(N50-E50-O50),0),IF((D50+N50-O50)>0,(D50+N50-O50),0)) -> 1323.95 | Q50: =IF(E50=0,IF((D50+N50-O50)<0,ABS(D50+N50-O50),0),IF((N50-E50-O50)<0,ABS(N50-E50-O50),0)) -> 0
A51: 43 | B51: =січень!B51 -> Бєлая К.В. | C51: =січень!C51 -> 2043 | D51: =січень!P51 -> 1020.9 | E51: =січень!Q51 -> 0 | F51: =січень!F51 -> 0 | G51: =січень!G51 -> 49.8 | H51: =січень!H51 -> 0 | I51: =січень!I51 -> 4.1 | J51: =ROUND(G51*I51,2) -> 204.18 | N51: =ROUND((G51*I51)-K51-L51-M51,2) -> 204.18 | P51: =IF(D51=0,IF((N51-E51-O51)>0,(N51-E51-O51),0),IF((D51+N51-O51)>0,(D51+N51-O51),0)) -> 1225.08 | Q51: =IF(E51=0,IF((D51+N51-O51)<0,ABS(D51+N51-O51),0),IF((N51-E51-O51)<0,ABS(N51-E51-O51),0)) -> 0
A52: 44 | B52: =січень!B52 -> Стадник О.Ф. | C52: =січень!C52 -> 2044 | D52: =січень!P52 -> 4914.9 | E52: =січень!Q52 -> 0 | F52: =січень!F52 -> 0 | G52: =січень!G52 -> 65.9 | H52: =січень!H52 -> 0 | I52: =січень!I52 -> 4.1 | J52: =ROUND(G52*I52,2) -> 270.19 | N52: =ROUND((G52*I52)-K52-L52-M52,2) -> 270.19 | O52: 1080.76 | P52: =IF(D52=0,IF((N52-E52-O52)>0,(N52-E52-O52),0),IF((D52+N52-O52)>0,(D52+N52-O52),0)) -> 4104.33 | Q52: =IF(E52=0,IF((D52+N52-O52)<0,ABS(D52+N52-O52),0),IF((N52-E52-O52)<0,ABS(N52-E52-O52),0)) -> 0
A53: 45 | B53: =січень!B53 -> Ляшенко В.М. | C53: =січень!C53 -> 2045 | D53: =січень!P53 -> 254.2 | E53: =січень!Q53 -> 0 | F53: =січень!F53 -> 0 | G53: =січень!G53 -> 62 | H53: =січень!H53 -> 0 | I53: =січень!I53 -> 4.1 | J53: =ROUND(G53*I53,2) -> 254.2 | N53: =ROUND((G53*I53)-K53-L53-M53,2) -> 254.2 | P53: =IF(D53=0,IF((N53-E53-O53)>0,(N53-E53-O53),0),IF((D53+N53-O53)>0,(D53+N53-O53),0)) -> 508.4 | Q53: =IF(E53=0,IF((D53+N53-O53)<0,ABS(D53+N53-O53),0),IF((N53-E53-O53)<0,ABS(N53-E53-O53),0)) -> 0
A54: 46 | B54: =січень!B54 -> Смоленська Т.О. | C54: =січень!C54 -> 2046 | D54: =січень!P54 -> 1143.91 | E54: =січень!Q54 -> 0 | F54: =січень!F54 -> 0 | G54: =січень!G54 -> 35.1 | H54: =січень!H54 -> 0 | I54: =січень!I54 -> 4.1 | J54: =ROUND(G54*I54,2) -> 143.91 | N54: =ROUND((G54*I54)-K54-L54-M54,2) -> 143.91 | P54: =IF(D54=0,IF((N54-E54-O54)>0,(N54-E54-O54),0),IF((D54+N54-O54)>0,(D54+N54-O54),0)) -> 1287.82 | Q54: =IF(E54=0,IF((D54+N54-O54)<0,ABS(D54+N54-O54),0),IF((N54-E54-O54)<0,ABS(N54-E54-O54),0)) -> 0
A55: 47 | B55: =січень!B55 -> Дудка І.В. | C55: =січень!C55 -> 2047 | D55: =січень!P55 -> 1219.24 | E55: =січень!Q55 -> 0 | F55: =січень!F55 -> 0 | G55: =січень!G55 -> 49.6 | H55: =січень!H55 -> 0 | I55: =січень!I55 -> 4.1 | J55: =ROUND(G55*I55,2) -> 203.36 | N55: =ROUND((G55*I55)-K55-L55-M55,2) -> 203.36 | P55: =IF(D55=0,IF((N55-E55-O55)>0,(N55-E55-O55),0),IF((D55+N55-O55)>0,(D55+N55-O55),0)) -> 1422.6 | Q55: =IF(E55=0,IF((D55+N55-O55)<0,ABS(D55+N55-O55),0),IF((N55-E55-O55)<0,ABS(N55-E55-O55),0)) -> 0
A56: 48 | B56: =січень!B56 -> Буланова Л.І. | C56: =січень!C56 -> 2048 | D56: =січень!P56 -> 272.19 | E56: =січень!Q56 -> 0 | F56: =січень!F56 -> 0 | G56: =січень!G56 -> 66.44 | H56: =січень!H56 -> 0 | I56: =січень!I56 -> 4.1 | J56: =ROUND(G56*I56,2) -> 272.4 | N56: =ROUND((G56*I56)-K56-L56-M56,2) -> 272.4 | P56: =IF(D56=0,IF((N56-E56-O56)>0,(N56-E56-O56),0),IF((D56+N56-O56)>0,(D56+N56-O56),0)) -> 544.59 | Q56: =IF(E56=0,IF((D56+N56-O56)<0,ABS(D56+N56-O56),0),IF((N56-E56-O56)<0,ABS(N56-E56-O56),0)) -> 0
A57: 49 | B57: =січень!B57 -> Шалімова О.О. | C57: =січень!C57 -> 2049 | D57: =січень!P57 -> 2014.88 | E57: =січень!Q57 -> 0 | F57: =січень!F57 -> 0 | G57: =січень!G57 -> 62.1 | H57: =січень!H57 -> 0 | I57: =січень!I57 -> 4.1 | J57: =ROUND(G57*I57,2) -> 254.61 | N57: =ROUND((G57*I57)-K57-L57-M57,2) -> 254.61 | P57: =IF(D57=0,IF((N57-E57-O57)>0,(N57-E57-O57),0),IF((D57+N57-O57)>0,(D57+N57-O57),0)) -> 2269.49 | Q57: =IF(E57=0,IF((D57+N57-O57)<0,ABS(D57+N57-O57),0),IF((N57-E57-O57)<0,ABS(N57-E57-O57),0)) -> 0
A58: 50 | B58: =січень!B58 -> Андросик О.О. | C58: =січень!C58 -> 2050 | D58: =січень!P58 -> 143.09 | E58: =січень!Q58 -> 0 | F58: =січень!F58 -> 0 | G58: =січень!G58 -> 34.9 | H58: =січень!H58 -> 0 | I58: =січень!I58 -> 4.1 | J58: =ROUND(G58*I58,2) -> 143.09 | N58: =ROUND((G58*I58)-K58-L58-M58,2) -> 143.09 | P58: =IF(D58=0,IF((N58-E58-O58)>0,(N58-E58-O58),0),IF((D58+N58-O58)>0,(D58+N58-O58),0)) -> 286.18 | Q58: =IF(E58=0,IF((D58+N58-O58)<0,ABS(D58+N58-O58),0),IF((N58-E58-O58)<0,ABS(N58-E58-O58),0)) -> 0
A59: 51 | B59: =січень!B59 -> Токар Є.А. | C59: =січень!C59 -> 2051 | D59: =січень!P59 -> 1759.95 | E59: =січень!Q59 -> 0 | F59: =січень!F59 -> 0 | G59: =січень!G59 -> 49.22 | H59: =січень!H59 -> 0 | I59: =січень!I59 -> 4.1 | J59: =ROUND(G59*I59,2) -> 201.8 | N59: =ROUND((G59*I59)-K59-L59-M59,2) -> 201.8 | P59: =IF(D59=0,IF((N59-E59-O59)>0,(N59-E59-O59),0),IF((D59+N59-O59)>0,(D59+N59-O59),0)) -> 1961.75 | Q59: =IF(E59=0,IF((D59+N59-O59)<0,ABS(D59+N59-O59),0),IF((N59-E59-O59)<0,ABS(N59-E59-O59),0)) -> 0
A60: 52 | B60: =січень!B60 -> Констанчук І.В. | C60: =січень!C60 -> 2052 | D60: =січень!P60 -> 2112.96 | E60: =січень!Q60 -> 0 | F60: =січень!F60 -> 0 | G60: =січень!G60 -> 65.5 | H60: =січень!H60 -> 0 | I60: =січень!I60 -> 4.1 | J60: =ROUND(G60*I60,2) -> 268.55 | N60: =ROUND((G60*I60)-K60-L60-M60,2) -> 268.55 | P60: =IF(D60=0,IF((N60-E60-O60)>0,(N60-E60-O60),0),IF((D60+N60-O60)>0,(D60+N60-O60),0)) -> 2381.51 | Q60: =IF(E60=0,IF((D60+N60-O60)<0,ABS(D60+N60-O60),0),IF((N60-E60-O60)<0,ABS(N60-E60-O60),0)) -> 0
A61: 53 | B61: =січень!B61 -> Гончаров В.В. | C61: =січень!C61 -> 2053 | D61: =січень!P61 -> 159.34 | E61: =січень!Q61 -> 0 | F61: =січень!F61 -> 0 | G61: =січень!G61 -> 62.64 | H61: =січень!H61 -> 0 | I61: =січень!I61 -> 4.1 | J61: =ROUND(G61*I61,2) -> 256.82 | N61: =ROUND((G61*I61)-K61-L61-M61,2) -> 256.82 | P61: =IF(D61=0,IF((N61-E61-O61)>0,(N61-E61-O61),0),IF((D61+N61-O61)>0,(D61+N61-O61),0)) -> 416.16 | Q61: =IF(E61=0,IF((D61+N61-O61)<0,ABS(D61+N61-O61),0),IF((N61-E61-O61)<0,ABS(N61-E61-O61),0)) -> 0
A62: 54 | B62: =січень!B62 -> Ляхомський В.О. | C62: =січень!C62 -> 2054 | D62: =січень!P62 -> 4.48 | E62: =січень!Q62 -> 0 | F62: =січень!F62 -> 0 | G62: =січень!G62 -> 34.9 | H62: =січень!H62 -> 0 | I62: =січень!I62 -> 4.1 | J62: =ROUND(G62*I62,2) -> 143.09 | N62: =ROUND((G62*I62)-K62-L62-M62,2) -> 143.09 | P62: =IF(D62=0,IF((N62-E62-O62)>0,(N62-E62-O62),0),IF((D62+N62-O62)>0,(D62+N62-O62),0)) -> 147.57 | Q62: =IF(E62=0,IF((D62+N62-O62)<0,ABS(D62+N62-O62),0),IF((N62-E62-O62)<0,ABS(N62-E62-O62),0)) -> 0
A63: 55 | B63: =січень!B63 -> Крамаренко В.П. | C63: =січень!C63 -> 2055 | D63: =січень!P63 -> 1640.08 | E63: =січень!Q63 -> 0 | F63: =січень!F63 -> 0 | G63: =січень!G63 -> 49.79 | H63: =січень!H63 -> 0 | I63: =січень!I63 -> 4.1 | J63: =ROUND(G63*I63,2) -> 204.14 | N63: =ROUND((G63*I63)-K63-L63-M63,2) -> 204.14 | P63: =IF(D63=0,IF((N63-E63-O63)>0,(N63-E63-O63),0),IF((D63+N63-O63)>0,(D63+N63-O63),0)) -> 1844.22 | Q63: =IF(E63=0,IF((D63+N63-O63)<0,ABS(D63+N63-O63),0),IF((N63-E63-O63)<0,ABS(N63-E63-O63),0)) -> 0
A64: 56 | B64: =січень!B64 -> Родзик С.Г. | C64: =січень!C64 -> 2056 | D64: =січень!P64 -> 1018.97 | E64: =січень!Q64 -> 0 | F64: =січень!F64 -> 0 | G64: =січень!G64 -> 65.2 | H64: =січень!H64 -> 0 | I64: =січень!I64 -> 4.1 | J64: =ROUND(G64*I64,2) -> 267.32 | N64: =ROUND((G64*I64)-K64-L64-M64,2) -> 267.32 | P64: =IF(D64=0,IF((N64-E64-O64)>0,(N64-E64-O64),0),IF((D64+N64-O64)>0,(D64+N64-O64),0)) -> 1286.29 | Q64: =IF(E64=0,IF((D64+N64-O64)<0,ABS(D64+N64-O64),0),IF((N64-E64-O64)<0,ABS(N64-E64-O64),0)) -> 0
... A66: 58 | B66: =січень!B66 -> Чепок О.В. | C66: =січень!C66 -> 2058 | D66: =січень!P66 -> 2761.41 | E66: =січень!Q66 -> 0 | F66: =січень!F66 -> 0 | G66: =січень!G66 -> 35 | H66: =січень!H66 -> 0 | I66: =січень!I66 -> 4.1 | J66: =ROUND(G66*I66,2) -> 143.5 | N66: =ROUND((G66*I66)-K66-L66-M66,2) -> 143.5 | P66: =IF(D66=0,IF((N66-E66-O66)>0,(N66-E66-O66),0),IF((D66+N66-O66)>0,(D66+N66-O66),0)) -> 2904.91 | Q66: =IF(E66=0,IF((D66+N66-O66)<0,ABS(D66+N66-O66),0),IF((N66-E66-O66)<0,ABS(N66-E66-O66),0)) -> 0
A67: 59 | B67: =січень!B67 -> Горошенко Л.С. | C67: =січень!C67 -> 2059 | D67: =січень!P67 -> 0 | E67: =січень!Q67 -> 576.5 | F67: =січень!F67 -> 0 | G67: =січень!G67 -> 49.3 | H67: =січень!H67 -> 0 | I67: =січень!I67 -> 4.1 | J67: =ROUND(G67*I67,2) -> 202.13 | N67: =ROUND((G67*I67)-K67-L67-M67,2) -> 202.13 | O67: 300 | P67: =IF(D67=0,IF((N67-E67-O67)>0,(N67-E67-O67),0),IF((D67+N67-O67)>0,(D67+N67-O67),0)) -> 0 | Q67: =IF(E67=0,IF((D67+N67-O67)<0,ABS(D67+N67-O67),0),IF((N67-E67-O67)<0,ABS(N67-E67-O67),0)) -> 674.37
A68: 60 | B68: =січень!B68 -> Неграчева Л.Г. | C68: =січень!C68 -> 2060 | D68: =січень!P68 -> 1963.84 | E68: =січень!Q68 -> 0 | F68: =січень!F68 -> 0 | G68: =січень!G68 -> 66.6 | H68: =січень!H68 -> 0 | I68: =січень!I68 -> 4.1 | J68: =ROUND(G68*I68,2) -> 273.06 | N68: =ROUND((G68*I68)-K68-L68-M68,2) -> 273.06 | O68: 500 | P68: =IF(D68=0,IF((N68-E68-O68)>0,(N68-E68-O68),0),IF((D68+N68-O68)>0,(D68+N68-O68),0)) -> 1736.9 | Q68: =IF(E68=0,IF((D68+N68-O68)<0,ABS(D68+N68-O68),0),IF((N68-E68-O68)<0,ABS(N68-E68-O68),0)) -> 0
A69: 61 | B69: =січень!B69 -> Брежнєв О.В. | C69: =січень!C69 -> 2061 | D69: =січень!P69 -> 3524.39 | E69: =січень!Q69 -> 0 | F69: =січень!F69 -> 0 | G69: =січень!G69 -> 61.88 | H69: =січень!H69 -> 0 | I69: =січень!I69 -> 4.1 | J69: =ROUND(G69*I69,2) -> 253.71 | N69: =ROUND((G69*I69)-K69-L69-M69,2) -> 253.71 | P69: =IF(D69=0,IF((N69-E69-O69)>0,(N69-E69-O69),0),IF((D69+N69-O69)>0,(D69+N69-O69),0)) -> 3778.1 | Q69: =IF(E69=0,IF((D69+N69-O69)<0,ABS(D69+N69-O69),0),IF((N69-E69-O69)<0,ABS(N69-E69-O69),0)) -> 0
A70: 62 | B70: =січень!B70 -> Горбатюк К.О. | C70: =січень!C70 -> 2062 | D70: =січень!P70 -> 990.42 | E70: =січень!Q70 -> 0 | F70: =січень!F70 -> 0 | G70: =січень!G70 -> 34.96 | H70: =січень!H70 -> 0 | I70: =січень!I70 -> 4.1 | J70: =ROUND(G70*I70,2) -> 143.34 | N70: =ROUND((G70*I70)-K70-L70-M70,2) -> 143.34 | P70: =IF(D70=0,IF((N70-E70-O70)>0,(N70-E70-O70),0),IF((D70+N70-O70)>0,(D70+N70-O70),0)) -> 1133.76 | Q70: =IF(E70=0,IF((D70+N70-O70)<0,ABS(D70+N70-O70),0),IF((N70-E70-O70)<0,ABS(N70-E70-O70),0)) -> 0
A71: 63 | B71: =січень!B71 -> Божик М.О. | C71: =січень!C71 -> 2063 | D71: =січень!P71 -> 1193.12 | E71: =січень!Q71 -> 0 | F71: =січень!F71 -> 0 | G71: =січень!G71 -> 50.03 | H71: =січень!H71 -> 0 | I71: =січень!I71 -> 4.1 | J71: =ROUND(G71*I71,2) -> 205.12 | N71: =ROUND((G71*I71)-K71-L71-M71,2) -> 205.12 | P71: =IF(D71=0,IF((N71-E71-O71)>0,(N71-E71-O71),0),IF((D71+N71-O71)>0,(D71+N71-O71),0)) -> 1398.24 | Q71: =IF(E71=0,IF((D71+N71-O71)<0,ABS(D71+N71-O71),0),IF((N71-E71-O71)<0,ABS(N71-E71-O71),0)) -> 0
A72: 64 | B72: =січень!B72 -> Зайченко С.Л | C72: =січень!C72 -> 2064 | D72: =січень!P72 -> 3175.77 | E72: =січень!Q72 -> 0 | F72: =січень!F72 -> 0 | G72: =січень!G72 -> 65.15 | H72: =січень!H72 -> 0 | I72: =січень!I72 -> 4.1 | J72: =ROUND(G72*I72,2) -> 267.12 | N72: =ROUND((G72*I72)-K72-L72-M72,2) -> 267.12 | P72: =IF(D72=0,IF((N72-E72-O72)>0,(N72-E72-O72),0),IF((D72+N72-O72)>0,(D72+N72-O72),0)) -> 3442.89 | Q72: =IF(E72=0,IF((D72+N72-O72)<0,ABS(D72+N72-O72),0),IF((N72-E72-O72)<0,ABS(N72-E72-O72),0)) -> 0
A73: 65 | B73: =січень!B73 -> Бессараб Н.Г. | C73: =січень!C73 -> 2065 | D73: =січень!P73 -> 248.67 | E73: =січень!Q73 -> 0 | F73: =січень!F73 -> 0 | G73: =січень!G73 -> 63.41 | H73: =січень!H73 -> 0 | I73: =січень!I73 -> 4.1 | J73: =ROUND(G73*I73,2) -> 259.98 | N73: =ROUND((G73*I73)-K73-L73-M73,2) -> 259.98 | O73: 600 | P73: =IF(D73=0,IF((N73-E73-O73)>0,(N73-E73-O73),0),IF((D73+N73-O73)>0,(D73+N73-O73),0)) -> 0 | Q73: =IF(E73=0,IF((D73+N73-O73)<0,ABS(D73+N73-O73),0),IF((N73-E73-O73)<0,ABS(N73-E73-O73),0)) -> 91.35
A74: 66 | B74: =січень!B74 -> Прохорова С.І. | C74: =січень!C74 -> 2066 | D74: =січень!P74 -> 1518.27 | E74: =січень!Q74 -> 0 | F74: =січень!F74 -> 0 | G74: =січень!G74 -> 35.19 | H74: =січень!H74 -> 0 | I74: =січень!I74 -> 4.1 | J74: =ROUND(G74*I74,2) -> 144.28 | N74: =ROUND((G74*I74)-K74-L74-M74,2) -> 144.28 | P74: =IF(D74=0,IF((N74-E74-O74)>0,(N74-E74-O74),0),IF((D74+N74-O74)>0,(D74+N74-O74),0)) -> 1662.55 | Q74: =IF(E74=0,IF((D74+N74-O74)<0,ABS(D74+N74-O74),0),IF((N74-E74-O74)<0,ABS(N74-E74-O74),0)) -> 0
A75: 67 | B75: =січень!B75 -> Браташ А.Ф. | C75: =січень!C75 -> 2067 | D75: =січень!P75 -> 2721.82 | E75: =січень!Q75 -> 0 | F75: =січень!F75 -> 0 | G75: =січень!G75 -> 49.89 | H75: =січень!H75 -> 0 | I75: =січень!I75 -> 4.1 | J75: =ROUND(G75*I75,2) -> 204.55 | N75: =ROUND((G75*I75)-K75-L75-M75,2) -> 204.55 | P75: =IF(D75=0,IF((N75-E75-O75)>0,(N75-E75-O75),0),IF((D75+N75-O75)>0,(D75+N75-O75),0)) -> 2926.37 | Q75: =IF(E75=0,IF((D75+N75-O75)<0,ABS(D75+N75-O75),0),IF((N75-E75-O75)<0,ABS(N75-E75-O75),0)) -> 0
A76: 68 | B76: =січень!B76 -> Кудас Д.О. | C76: =січень!C76 -> 2068 | D76: =січень!P76 -> 240.02 | E76: =січень!Q76 -> 0 | F76: =січень!F76 -> 0 | G76: =січень!G76 -> 65.03 | H76: =січень!H76 -> 0 | I76: =січень!I76 -> 4.1 | J76: =ROUND(G76*I76,2) -> 266.62 | L76: 266.62 | N76: =ROUND((G76*I76)-K76-L76-M76,2) -> 0 | P76: =IF(D76=0,IF((N76-E76-O76)>0,(N76-E76-O76),0),IF((D76+N76-O76)>0,(D76+N76-O76),0)) -> 240.02 | Q76: =IF(E76=0,IF((D76+N76-O76)<0,ABS(D76+N76-O76),0),IF((N76-E76-O76)<0,ABS(N76-E76-O76),0)) -> 0
A77: 69 | B77: =січень!B77 -> Шушлєбін Б.В. | C77: =січень!C77 -> 2069 | D77: =січень!P77 -> 211.26 | E77: =січень!Q77 -> 0 | F77: =січень!F77 -> 0 | G77: =січень!G77 -> 62.11 | H77: =січень!H77 -> 0 | I77: =січень!I77 -> 4.1 | J77: =ROUND(G77*I77,2) -> 254.65 | N77: =ROUND((G77*I77)-K77-L77-M77,2) -> 254.65 | P77: =IF(D77=0,IF((N77-E77-O77)>0,(N77-E77-O77),0),IF((D77+N77-O77)>0,(D77+N77-O77),0)) -> 465.91 | Q77: =IF(E77=0,IF((D77+N77-O77)<0,ABS(D77+N77-O77),0),IF((N77-E77-O77)<0,ABS(N77-E77-O77),0)) -> 0
A78: 70 | B78: =січень!B78 -> Бородіна І.О. | C78: =січень!C78 -> 2070 | D78: =січень!P78 -> 1757.84 | E78: =січень!Q78 -> 0 | F78: =січень!F78 -> 0 | G78: =січень!G78 -> 34.9 | H78: =січень!H78 -> 0 | I78: =січень!I78 -> 4.1 | J78: =ROUND(G78*I78,2) -> 143.09 | N78: =ROUND((G78*I78)-K78-L78-M78,2) -> 143.09 | P78: =IF(D78=0,IF((N78-E78-O78)>0,(N78-E78-O78),0),IF((D78+N78-O78)>0,(D78+N78-O78),0)) -> 1900.93 | Q78: =IF(E78=0,IF((D78+N78-O78)<0,ABS(D78+N78-O78),0),IF((N78-E78-O78)<0,ABS(N78-E78-O78),0)) -> 0
A79: 71 | B79: =січень!B79 -> Котурга Л.Й. | C79: =січень!C79 -> 2071 | D79: =січень!P79 -> 641.9 | E79: =січень!Q79 -> 0 | F79: =січень!F79 -> 0 | G79: =січень!G79 -> 49.2 | H79: =січень!H79 -> 0 | I79: =січень!I79 -> 4.1 | J79: =ROUND(G79*I79,2) -> 201.72 | N79: =ROUND((G79*I79)-K79-L79-M79,2) -> 201.72 | P79: =IF(D79=0,IF((N79-E79-O79)>0,(N79-E79-O79),0),IF((D79+N79-O79)>0,(D79+N79-O79),0)) -> 843.62 | Q79: =IF(E79=0,IF((D79+N79-O79)<0,ABS(D79+N79-O79),0),IF((N79-E79-O79)<0,ABS(N79-E79-O79),0)) -> 0
A80: 72 | B80: =січень!B80 -> Горова О.І. | C80: =січень!C80 -> 2072 | D80: =січень!P80 -> 1944.73 | E80: =січень!Q80 -> 0 | F80: =січень!F80 -> 0 | G80: =січень!G80 -> 65.43 | H80: =січень!H80 -> 0 | I80: =січень!I80 -> 4.1 | J80: =ROUND(G80*I80,2) -> 268.26 | N80: =ROUND((G80*I80)-K80-L80-M80,2) -> 268.26 | P80: =IF(D80=0,IF((N80-E80-O80)>0,(N80-E80-O80),0),IF((D80+N80-O80)>0,(D80+N80-O80),0)) -> 2212.99 | Q80: =IF(E80=0,IF((D80+N80-O80)<0,ABS(D80+N80-O80),0),IF((N80-E80-O80)<0,ABS(N80-E80-O80),0)) -> 0
A81: 73 | B81: =січень!B81 -> Рибакевич М.П. | C81: =січень!C81 -> 3073 | D81: =січень!P81 -> 2916.55 | E81: =січень!Q81 -> 0 | F81: =січень!F81 -> 0 | G81: =січень!G81 -> 64.5 | H81: =січень!H81 -> 0 | I81: =січень!I81 -> 4.1 | J81: =ROUND(G81*I81,2) -> 264.45 | N81: =ROUND((G81*I81)-K81-L81-M81,2) -> 264.45 | P81: =IF(D81=0,IF((N81-E81-O81)>0,(N81-E81-O81),0),IF((D81+N81-O81)>0,(D81+N81-O81),0)) -> 3181 | Q81: =IF(E81=0,IF((D81+N81-O81)<0,ABS(D81+N81-O81),0),IF((N81-E81-O81)<0,ABS(N81-E81-O81),0)) -> 0
A82: 74 | B82: =січень!B82 -> Башкалов В.В. | C82: =січень!C82 -> 3074 | D82: =січень!P82 -> 1068.11 | E82: =січень!Q82 -> 0 | F82: =січень!F82 -> 0 | G82: =січень!G82 -> 50.8 | H82: =січень!H82 -> 0 | I82: =січень!I82 -> 4.1 | J82: =ROUND(G82*I82,2) -> 208.28 | L82: 208.28 | N82: =ROUND((G82*I82)-K82-L82-M82,2) -> 0 | P82: =IF(D82=0,IF((N82-E82-O82)>0,(N82-E82-O82),0),IF((D82+N82-O82)>0,(D82+N82-O82),0)) -> 1068.11 | Q82: =IF(E82=0,IF((D82+N82-O82)<0,ABS(D82+N82-O82),0),IF((N82-E82-O82)<0,ABS(N82-E82-O82),0)) -> 0
A83: 75 | B83: =січень!B83 -> Тіхенко Г.Д. | C83: =січень!C83 -> 3075 | D83: =січень!P83 -> 1609.36 | E83: =січень!Q83 -> 0 | F83: =січень!F83 -> 0 | G83: =січень!G83 -> 34.9 | H83: =січень!H83 -> 0 | I83: =січень!I83 -> 4.1 | J83: =ROUND(G83*I83,2) -> 143.09 | N83: =ROUND((G83*I83)-K83-L83-M83,2) -> 143.09 | P83: =IF(D83=0,IF((N83-E83-O83)>0,(N83-E83-O83),0),IF((D83+N83-O83)>0,(D83+N83-O83),0)) -> 1752.45 | Q83: =IF(E83=0,IF((D83+N83-O83)<0,ABS(D83+N83-O83),0),IF((N83-E83-O83)<0,ABS(N83-E83-O83),0)) -> 0
A84: 76 | B84: =січень!B84 -> Головченко В.Г. | C84: =січень!C84 -> 3076 | D84: =січень!P84 -> 1947.68 | E84: =січень!Q84 -> 0 | F84: =січень!F84 -> 0 | G84: =січень!G84 -> 61 | H84: =січень!H84 -> 0 | I84: =січень!I84 -> 4.1 | J84: =ROUND(G84*I84,2) -> 250.1 | N84: =ROUND((G84*I84)-K84-L84-M84,2) -> 250.1 | O84: 1000 | P84: =IF(D84=0,IF((N84-E84-O84)>0,(N84-E84-O84),0),IF((D84+N84-O84)>0,(D84+N84-O84),0)) -> 1197.78 | Q84: =IF(E84=0,IF((D84+N84-O84)<0,ABS(D84+N84-O84),0),IF((N84-E84-O84)<0,ABS(N84-E84-O84),0)) -> 0
A85: 77 | B85: =січень!B85 -> Семанішина Є.С. | C85: =січень!C85 -> 3077 | D85: =січень!P85 -> 1843.9 | E85: =січень!Q85 -> 0 | F85: =січень!F85 -> 0 | G85: =січень!G85 -> 64.5 | H85: =січень!H85 -> 0 | I85: =січень!I85 -> 4.1 | J85: =ROUND(G85*I85,2) -> 264.45 | N85: =ROUND((G85*I85)-K85-L85-M85,2) -> 264.45 | P85: =IF(D85=0,IF((N85-E85-O85)>0,(N85-E85-O85),0),IF((D85+N85-O85)>0,(D85+N85-O85),0)) -> 2108.35 | Q85: =IF(E85=0,IF((D85+N85-O85)<0,ABS(D85+N85-O85),0),IF((N85-E85-O85)<0,ABS(N85-E85-O85),0)) -> 0
A86: 78 | B86: =січень!B86 -> Зінченко Ю.В. | C86: =січень!C86 -> 3078 | D86: =січень!P86 -> 375.96 | E86: =січень!Q86 -> 0 | F86: =січень!F86 -> 0 | G86: =січень!G86 -> 49.3 | H86: =січень!H86 -> 0 | I86: =січень!I86 -> 4.1 | J86: =ROUND(G86*I86,2) -> 202.13 | N86: =ROUND((G86*I86)-K86-L86-M86,2) -> 202.13 | P86: =IF(D86=0,IF((N86-E86-O86)>0,(N86-E86-O86),0),IF((D86+N86-O86)>0,(D86+N86-O86),0)) -> 578.09 | Q86: =IF(E86=0,IF((D86+N86-O86)<0,ABS(D86+N86-O86),0),IF((N86-E86-O86)<0,ABS(N86-E86-O86),0)) -> 0
A87: 79 | B87: =січень!B87 -> Рилова Г.П. | C87: =січень!C87 -> 3079 | D87: =січень!P87 -> 702.9 | E87: =січень!Q87 -> 0 | F87: =січень!F87 -> 0 | G87: =січень!G87 -> 35 | H87: =січень!H87 -> 0 | I87: =січень!I87 -> 4.1 | J87: =ROUND(G87*I87,2) -> 143.5 | N87: =ROUND((G87*I87)-K87-L87-M87,2) -> 143.5 | O87: 847 | P87: =IF(D87=0,IF((N87-E87-O87)>0,(N87-E87-O87),0),IF((D87+N87-O87)>0,(D87+N87-O87),0)) -> 0 | Q87: =IF(E87=0,IF((D87+N87-O87)<0,ABS(D87+N87-O87),0),IF((N87-E87-O87)<0,ABS(N87-E87-O87),0)) -> 0.6
A88: 80 | B88: =січень!B88 -> Ленський І.О. | C88: =січень!C88 -> 3080 | D88: =січень!P88 -> 249.83 | E88: =січень!Q88 -> 0 | F88: =січень!F88 -> 0 | G88: =січень!G88 -> 61.8 | H88: =січень!H88 -> 0 | I88: =січень!I88 -> 4.1 | J88: =ROUND(G88*I88,2) -> 253.38 | N88: =ROUND((G88*I88)-K88-L88-M88,2) -> 253.38 | O88: 260 | P88: =IF(D88=0,IF((N88-E88-O88)>0,(N88-E88-O88),0),IF((D88+N88-O88)>0,(D88+N88-O88),0)) -> 243.21 | Q88: =IF(E88=0,IF((D88+N88-O88)<0,ABS(D88+N88-O88),0),IF((N88-E88-O88)<0,ABS(N88-E88-O88),0)) -> 0
A89: 81 | B89: =січень!B89 -> Слюсар О.О. | C89: =січень!C89 -> 3081 | D89: =січень!P89 -> 3103.37 | E89: =січень!Q89 -> 0 | F89: =січень!F89 -> 0 | G89: =січень!G89 -> 65.81 | H89: =січень!H89 -> 0 | I89: =січень!I89 -> 4.1 | J89: =ROUND(G89*I89,2) -> 269.82 | N89: =ROUND((G89*I89)-K89-L89-M89,2) -> 269.82 | P89: =IF(D89=0,IF((N89-E89-O89)>0,(N89-E89-O89),0),IF((D89+N89-O89)>0,(D89+N89-O89),0)) -> 3373.19 | Q89: =IF(E89=0,IF((D89+N89-O89)<0,ABS(D89+N89-O89),0),IF((N89-E89-O89)<0,ABS(N89-E89-O89),0)) -> 0
A90: 82 | B90: =січень!B90 -> Кісельов Г.О. | C90: =січень!C90 -> 3082 | D90: =січень!P90 -> 1012.84 | E90: =січень!Q90 -> 0 | F90: =січень!F90 -> 0 | G90: =січень!G90 -> 49.7 | H90: =січень!H90 -> 0 | I90: =січень!I90 -> 4.1 | J90: =ROUND(G90*I90,2) -> 203.77 | N90: =ROUND((G90*I90)-K90-L90-M90,2) -> 203.77 | P90: =IF(D90=0,IF((N90-E90-O90)>0,(N90-E90-O90),0),IF((D90+N90-O90)>0,(D90+N90-O90),0)) -> 1216.61 | Q90: =IF(E90=0,IF((D90+N90-O90)<0,ABS(D90+N90-O90),0),IF((N90-E90-O90)<0,ABS(N90-E90-O90),0)) -> 0
A91: 83 | B91: =січень!B91 -> Губанова Н.С. | C91: =січень!C91 -> 3083 | D91: =січень!P91 -> 848.7 | E91: =січень!Q91 -> 0 | F91: =січень!F91 -> 0 | G91: =січень!G91 -> 34.5 | H91: =січень!H91 -> 0 | I91: =січень!I91 -> 4.1 | J91: =ROUND(G91*I91,2) -> 141.45 | N91: =ROUND((G91*I91)-K91-L91-M91,2) -> 141.45 | P91: =IF(D91=0,IF((N91-E91-O91)>0,(N91-E91-O91),0),IF((D91+N91-O91)>0,(D91+N91-O91),0)) -> 990.15 | Q91: =IF(E91=0,IF((D91+N91-O91)<0,ABS(D91+N91-O91),0),IF((N91-E91-O91)<0,ABS(N91-E91-O91),0)) -> 0
A92: 84 | B92: =січень!B92 -> Попова А.В. | C92: =січень!C92 -> 3084 | D92: =січень!P92 -> 255.03 | E92: =січень!Q92 -> 0 | F92: =січень!F92 -> 0 | G92: =січень!G92 -> 62.4 | H92: =січень!H92 -> 0 | I92: =січень!I92 -> 4.1 | J92: =ROUND(G92*I92,2) -> 255.84 | N92: =ROUND((G92*I92)-K92-L92-M92,2) -> 255.84 | P92: =IF(D92=0,IF((N92-E92-O92)>0,(N92-E92-O92),0),IF((D92+N92-O92)>0,(D92+N92-O92),0)) -> 510.87 | Q92: =IF(E92=0,IF((D92+N92-O92)<0,ABS(D92+N92-O92),0),IF((N92-E92-O92)<0,ABS(N92-E92-O92),0)) -> 0
A93: 85 | B93: =січень!B93 -> Стародубець О.К. | C93: =січень!C93 -> 3085 | D93: =січень!P93 -> 3220.14 | E93: =січень!Q93 -> 0 | F93: =січень!F93 -> 0 | G93: =січень!G93 -> 66.46 | H93: =січень!H93 -> 0 | I93: =січень!I93 -> 4.1 | J93: =ROUND(G93*I93,2) -> 272.49 | N93: =ROUND((G93*I93)-K93-L93-M93,2) -> 272.49 | P93: =IF(D93=0,IF((N93-E93-O93)>0,(N93-E93-O93),0),IF((D93+N93-O93)>0,(D93+N93-O93),0)) -> 3492.63 | Q93: =IF(E93=0,IF((D93+N93-O93)<0,ABS(D93+N93-O93),0),IF((N93-E93-O93)<0,ABS(N93-E93-O93),0)) -> 0
A94: 86 | B94: =січень!B94 -> Сакун Т.А. | C94: =січень!C94 -> 3086 | D94: =січень!P94 -> 2650.47 | E94: =січень!Q94 -> 0 | F94: =січень!F94 -> 0 | G94: =січень!G94 -> 49.73 | H94: =січень!H94 -> 0 | I94: =січень!I94 -> 4.1 | J94: =ROUND(G94*I94,2) -> 203.89 | N94: =ROUND((G94*I94)-K94-L94-M94,2) -> 203.89 | P94: =IF(D94=0,IF((N94-E94-O94)>0,(N94-E94-O94),0),IF((D94+N94-O94)>0,(D94+N94-O94),0)) -> 2854.36 | Q94: =IF(E94=0,IF((D94+N94-O94)<0,ABS(D94+N94-O94),0),IF((N94-E94-O94)<0,ABS(N94-E94-O94),0)) -> 0
A95: 87 | B95: =січень!B95 -> Фатєєв Ю.О. | C95: =січень!C95 -> 3087 | D95: =січень!P95 -> 3935.54 | E95: =січень!Q95 -> 0 | F95: =січень!F95 -> 0 | G95: =січень!G95 -> 34.9 | H95: =січень!H95 -> 0 | I95: =січень!I95 -> 4.1 | J95: =ROUND(G95*I95,2) -> 143.09 | N95: =ROUND((G95*I95)-K95-L95-M95,2) -> 143.09 | P95: =IF(D95=0,IF((N95-E95-O95)>0,(N95-E95-O95),0),IF((D95+N95-O95)>0,(D95+N95-O95),0)) -> 4078.63 | Q95: =IF(E95=0,IF((D95+N95-O95)<0,ABS(D95+N95-O95),0),IF((N95-E95-O95)<0,ABS(N95-E95-O95),0)) -> 0
A96: 88 | B96: =січень!B96 -> Лукашов Є.В. | C96: =січень!C96 -> 3088 | D96: =січень!P96 -> 11694.74 | E96: =січень!Q96 -> 0 | F96: =січень!F96 -> 0 | G96: =січень!G96 -> 61.9 | H96: =січень!H96 -> 0 | I96: =січень!I96 -> 4.1 | J96: =ROUND(G96*I96,2) -> 253.79 | N96: =ROUND((G96*I96)-K96-L96-M96,2) -> 253.79 | P96: =IF(D96=0,IF((N96-E96-O96)>0,(N96-E96-O96),0),IF((D96+N96-O96)>0,(D96+N96-O96),0)) -> 11948.53 | Q96: =IF(E96=0,IF((D96+N96-O96)<0,ABS(D96+N96-O96),0),IF((N96-E96-O96)<0,ABS(N96-E96-O96),0)) -> 0
A97: 89 | B97: =січень!B97 -> Довбета В.М. | C97: =січень!C97 -> 3089 | D97: =січень!P97 -> 0 | E97: =січень!Q97 -> 7.6 | F97: =січень!F97 -> 0 | G97: =січень!G97 -> 65.3 | H97: =січень!H97 -> 0 | I97: =січень!I97 -> 4.1 | J97: =ROUND(G97*I97,2) -> 267.73 | N97: =ROUND((G97*I97)-K97-L97-M97,2) -> 267.73 | O97: 270 | P97: =IF(D97=0,IF((N97-E97-O97)>0,(N97-E97-O97),0),IF((D97+N97-O97)>0,(D97+N97-O97),0)) -> 0 | Q97: =IF(E97=0,IF((D97+N97-O97)<0,ABS(D97+N97-O97),0),IF((N97-E97-O97)<0,ABS(N97-E97-O97),0)) -> 9.87
A98: 90 | B98: =січень!B98 -> Черняк К.В. | C98: =січень!C98 -> 3090 | D98: =січень!P98 -> 0 | E98: =січень!Q98 -> 1422.76 | F98: =січень!F98 -> 0 | G98: =січень!G98 -> 49.48 | H98: =січень!H98 -> 0 | I98: =січень!I98 -> 4.1 | J98: =ROUND(G98*I98,2) -> 202.87 | N98: =ROUND((G98*I98)-K98-L98-M98,2) -> 202.87 | P98: =IF(D98=0,IF((N98-E98-O98)>0,(N98-E98-O98),0),IF((D98+N98-O98)>0,(D98+N98-O98),0)) -> 0 | Q98: =IF(E98=0,IF((D98+N98-O98)<0,ABS(D98+N98-O98),0),IF((N98-E98-O98)<0,ABS(N98-E98-O98),0)) -> 1219.89
A99: 91 | B99: =січень!B99 -> Удінцева Г.А. | C99: =січень!C99 -> 3091 | D99: =січень!P99 -> 141.19 | E99: =січень!Q99 -> 0 | F99: =січень!F99 -> 0 | G99: =січень!G99 -> 35.1 | H99: =січень!H99 -> 0 | I99: =січень!I99 -> 4.1 | J99: =ROUND(G99*I99,2) -> 143.91 | N99: =ROUND((G99*I99)-K99-L99-M99,2) -> 143.91 | P99: =IF(D99=0,IF((N99-E99-O99)>0,(N99-E99-O99),0),IF((D99+N99-O99)>0,(D99+N99-O99),0)) -> 285.1 | Q99: =IF(E99=0,IF((D99+N99-O99)<0,ABS(D99+N99-O99),0),IF((N99-E99-O99)<0,ABS(N99-E99-O99),0)) -> 0
A100: 92 | B100: =січень!B100 -> Липка Г.Ю. | C100: =січень!C100 -> 3092 | D100: =січень!P100 -> 3886.8 | E100: =січень!Q100 -> 0 | F100: =січень!F100 -> 0 | G100: =січень!G100 -> 63.2 | H100: =січень!H100 -> 0 | I100: =січень!I100 -> 4.1 | J100: =ROUND(G100*I100,2) -> 259.12 | N100: =ROUND((G100*I100)-K100-L100-M100,2) -> 259.12 | P100: =IF(D100=0,IF((N100-E100-O100)>0,(N100-E100-O100),0),IF((D100+N100-O100)>0,(D100+N100-O100),0)) -> 4145.92 | Q100: =IF(E100=0,IF((D100+N100-O100)<0,ABS(D100+N100-O100),0),IF((N100-E100-O100)<0,ABS(N100-E100-O100),0)) -> 0
A101: 93 | B101: =січень!B101 -> Утьосов Д.М. | C101: =січень!C101 -> 3093 | D101: =січень!P101 -> 2909.49 | E101: =січень!Q101 -> 0 | F101: =січень!F101 -> 0 | G101: =січень!G101 -> 66.1 | H101: =січень!H101 -> 0 | I101: =січень!I101 -> 4.1 | J101: =ROUND(G101*I101,2) -> 271.01 | N101: =ROUND((G101*I101)-K101-L101-M101,2) -> 271.01 | P101: =IF(D101=0,IF((N101-E101-O101)>0,(N101-E101-O101),0),IF((D101+N101-O101)>0,(D101+N101-O101),0)) -> 3180.5 | Q101: =IF(E101=0,IF((D101+N101-O101)<0,ABS(D101+N101-O101),0),IF((N101-E101-O101)<0,ABS(N101-E101-O101),0)) -> 0
A102: 94 | B102: =січень!B102 -> Стеценко Д.М. | C102: =січень!C102 -> 3094 | D102: =січень!P102 -> 204.25 | E102: =січень!Q102 -> 0 | F102: =січень!F102 -> 0 | G102: =січень!G102 -> 49.8 | H102: =січень!H102 -> 0 | I102: =січень!I102 -> 4.1 | J102: =ROUND(G102*I102,2) -> 204.18 | N102: =ROUND((G102*I102)-K102-L102-M102,2) -> 204.18 | P102: =IF(D102=0,IF((N102-E102-O102)>0,(N102-E102-O102),0),IF((D102+N102-O102)>0,(D102+N102-O102),0)) -> 408.43 | Q102: =IF(E102=0,IF((D102+N102-O102)<0,ABS(D102+N102-O102),0),IF((N102-E102-O102)<0,ABS(N102-E102-O102),0)) -> 0
A103: 95 | B103: =січень!B103 -> Задніпряна О.М. | C103: =січень!C103 -> 3095 | D103: =січень!P103 -> 1278.34 | E103: =січень!Q103 -> 0 | F103: =січень!F103 -> 0 | G103: =січень!G103 -> 34.6 | H103: =січень!H103 -> 0 | I103: =січень!I103 -> 4.1 | J103: =ROUND(G103*I103,2) -> 141.86 | N103: =ROUND((G103*I103)-K103-L103-M103,2) -> 141.86 | P103: =IF(D103=0,IF((N103-E103-O103)>0,(N103-E103-O103),0),IF((D103+N103-O103)>0,(D103+N103-O103),0)) -> 1420.2 | Q103: =IF(E103=0,IF((D103+N103-O103)<0,ABS(D103+N103-O103),0),IF((N103-E103-O103)<0,ABS(N103-E103-O103),0)) -> 0
...

Sheet березень
A1: ОСББ "Карбишева - 22" | N1: 37465042
B2: Відомість нарахувань та оплати мешканців за утримання будинку
B3: у березні 2023 року
A6: № кв. | B6: ПІБ | C6: Особ. рах. | D6: Д-Т | E6: К-Т | F6: Пільга % | G6: Заг.площа | H6: Пільг. Площа | I6: Внески | J6: 100% нарах. | K6: Пільгова сума | L6: сплачені суми пільг за реєстрами | M6: Коригування | N6: До сплати | O6: Сплачено | P6: Д-Т | Q6: К-Т
A7: 1 | B7: =лютий!B7 -> Бережний В.М. | C7: =лютий!C7 -> 1001 | D7: =лютий!P7 -> 1578.17 | E7: =лютий!Q7 -> 0 | F7: =лютий!F7 -> 0 | G7: =лютий!G7 -> 64.26 | H7: =лютий!H7 -> 0 | I7: =лютий!I7 -> 4.1 | J7: =ROUND(G7*I7,2) -> 263.47 | N7: =ROUND((G7*I7)-K7-L7-M7,2) -> 263.47 | P7: =IF(D7=0,IF((N7-E7-O7)>0,(N7-E7-O7),0),IF((D7+N7-O7)>0,(D7+N7-O7),0)) -> 1841.64 | Q7: =IF(E7=0,IF((D7+N7-O7)<0,ABS(D7+N7-O7),0),IF((N7-E7-O7)<0,ABS(N7-E7-O7),0)) -> 0
A8: 2 | B8: =лютий!B8 -> Старикова Т.О. | C8: =лютий!C8 -> 1002 | D8: =лютий!P8 -> 2723.48 | E8: =лютий!Q8 -> 0 | F8: =лютий!F8 -> 0 | G8: =лютий!G8 -> 48.71 | H8: =лютий!H8 -> 0 | I8: =лютий!I8 -> 4.1 | J8: =ROUND(G8*I8,2) -> 199.71 | N8: =ROUND((G8*I8)-K8-L8-M8,2) -> 199.71 | P8: =IF(D8=0,IF((N8-E8-O8)>0,(N8-E8-O8),0),IF((D8+N8-O8)>0,(D8+N8-O8),0)) -> 2923.19 | Q8: =IF(E8=0,IF((D8+N8-O8)<0,ABS(D8+N8-O8),0),IF((N8-E8-O8)<0,ABS(N8-E8-O8),0)) -> 0
A9: 3 | B9: =лютий!B9 -> Мазур Т.В. | C9: =лютий!C9 -> 1003 | D9: =лютий!P9 -> 24.5 | E9: =лютий!Q9 -> 0 | F9: =лютий!F9 -> 0 | G9: =лютий!G9 -> 35 | H9: =лютий!H9 -> 0 | I9: =лютий!I9 -> 4.1 | J9: =ROUND(G9*I9,2) -> 143.5 | N9: =ROUND((G9*I9)-K9-L9-M9,2) -> 143.5 | P9: =IF(D9=0,IF((N9-E9-O9)>0,(N9-E9-O9),0),IF((D9+N9-O9)>0,(D9+N9-O9),0)) -> 168 | Q9: =IF(E9=0,IF((D9+N9-O9)<0,ABS(D9+N9-O9),0),IF((N9-E9-O9)<0,ABS(N9-E9-O9),0)) -> 0
A10: 4 | B10: =лютий!B10 -> Сокол О.В. | C10: =лютий!C10 -> 1004 | D10: =лютий!P10 -> 0 | E10: =лютий!Q10 -> 252.59 | F10: =лютий!F10 -> 0 | G10: =лютий!G10 -> 61.6 | H10: =лютий!H10 -> 0 | I10: =лютий!I10 -> 4.1 | J10: =ROUND(G10*I10,2) -> 252.56 | N10: =ROUND((G10*I10)-K10-L10-M10,2) -> 252.56 | P10: =IF(D10=0,IF((N10-E10-O10)>0,(N10-E10-O10),0),IF((D10+N10-O10)>0,(D10+N10-O10),0)) -> 0 | Q10: =IF(E10=0,IF((D10+N10-O10)<0,ABS(D10+N10-O10),0),IF((N10-E10-O10)<0,ABS(N10-E10-O10),0)) -> 0.03
A11: 5 | B11: =лютий!B11 -> Семко Л.І. | C11: =лютий!C11 -> 1005 | D11: =лютий!P11 -> 393.41 | E11: =лютий!Q11 -> 0 | F11: =лютий!F11 -> 0 | G11: =лютий!G11 -> 28.34 | H11: =лютий!H11 -> 0 | I11: =лютий!I11 -> 4.1 | J11: =ROUND(G11*I11,2) -> 116.19 | N11: =ROUND((G11*I11)-K11-L11-M11,2) -> 116.19 | O11: 1000 | P11: =IF(D11=0,IF((N11-E11-O11)>0,(N11-E11-O11),0),IF((D11+N11-O11)>0,(D11+N11-O11),0)) -> 0 | Q11: =IF(E11=0,IF((D11+N11-O11)<0,ABS(D11+N11-O11),0),IF((N11-E11-O11)<0,ABS(N11-E11-O11),0)) -> 490.4
A12: 5 | B12: =лютий!B12 -> Гаркуша Н.І. | C12: =лютий!C12 -> 1005-а | D12: =лютий!P12 -> 0 | E12: =лютий!Q12 -> 101.28 | F12: =лютий!F12 -> 0 | G12: =лютий!G12 -> 36.66 | H12: =лютий!H12 -> 0 | I12: =лютий!I12 -> 4.1 | J12: =ROUND(G12*I12,2) -> 150.31 | N12: =ROUND((G12*I12)-K12-L12-M12,2) -> 150.31 | O12: 300 | P12: =IF(D12=0,IF((N12-E12-O12)>0,(N12-E12-O12),0),IF((D12+N12-O12)>0,(D12+N12-O12),0)) -> 0 | Q12: =IF(E12=0,IF((D12+N12-O12)<0,ABS(D12+N12-O12),0),IF((N12-E12-O12)<0,ABS(N12-E12-O12),0)) -> 250.97
A13: 6 | B13: =лютий!B13 -> Андріяшев В.М | C13: =лютий!C13 -> 1006 | D13: =лютий!P13 -> 647.44 | E13: =лютий!Q13 -> 0 | F13: =лютий!F13 -> 0 | G13: =лютий!G13 -> 49.8 | H13: =лютий!H13 -> 0 | I13: =лютий!I13 -> 4.1 | J13: =ROUND(G13*I13,2) -> 204.18 | N13: =ROUND((G13*I13)-K13-L13-M13,2) -> 204.18 | O13: 1025 | P13: =IF(D13=0,IF((N13-E13-O13)>0,(N13-E13-O13),0),IF((D13+N13-O13)>0,(D13+N13-O13),0)) -> 0 | Q13: =IF(E13=0,IF((D13+N13-O13)<0,ABS(D13+N13-O13),0),IF((N13-E13-O13)<0,ABS(N13-E13-O13),0)) -> 173.38
A14: 7 | B14: =лютий!B14 -> Старчикова О.М. | C14: =лютий!C14 -> 1007 | D14: =лютий!P14 -> 140.98 | E14: =лютий!Q14 -> 0 | F14: =лютий!F14 -> 0 | G14: =лютий!G14 -> 34.65 | H14: =лютий!H14 -> 0 | I14: =лютий!I14 -> 4.1 | J14: =ROUND(G14*I14,2) -> 142.07 | N14: =ROUND((G14*I14)-K14-L14-M14,2) -> 142.07 | O14: 143 | P14: =IF(D14=0,IF((N14-E14-O14)>0,(N14-E14-O14),0),IF((D14+N14-O14)>0,(D14+N14-O14),0)) -> 140.05 | Q14: =IF(E14=0,IF((D14+N14-O14)<0,ABS(D14+N14-O14),0),IF((N14-E14-O14)<0,ABS(N14-E14-O14),0)) -> 0
A15: 8 | B15: =лютий!B15 -> Безер Т.М | C15: =лютий!C15 -> 1008 | D15: =лютий!P15 -> 480.79 | E15: =лютий!Q15 -> 0 | F15: =лютий!F15 -> 0 | G15: =лютий!G15 -> 62.14 | H15: =лютий!H15 -> 0 | I15: =лютий!I15 -> 4.1 | J15: =ROUND(G15*I15,2) -> 254.77 | N15: =ROUND((G15*I15)-K15-L15-M15,2) -> 254.77 | P15: =IF(D15=0,IF((N15-E15-O15)>0,(N15-E15-O15),0),IF((D15+N15-O15)>0,(D15+N15-O15),0)) -> 735.56 | Q15: =IF(E15=0,IF((D15+N15-O15)<0,ABS(D15+N15-O15),0),IF((N15-E15-O15)<0,ABS(N15-E15-O15),0)) -> 0
A16: 9 | B16: =лютий!B16 -> Решетило М.М | C16: =лютий!C16 -> 1009 | D16: =лютий!P16 -> 3440.28 | E16: =лютий!Q16 -> 0 | F16: =лютий!F16 -> 0 | G16: =лютий!G16 -> 65.16 | H16: =лютий!H16 -> 0 | I16: =лютий!I16 -> 4.1 | J16: =ROUND(G16*I16,2) -> 267.16 | N16: =ROUND((G16*I16)-K16-L16-M16,2) -> 267.16 | P16: =IF(D16=0,IF((N16-E16-O16)>0,(N16-E16-O16),0),IF((D16+N16-O16)>0,(D16+N16-O16),0)) -> 3707.44 | Q16: =IF(E16=0,IF((D16+N16-O16)<0,ABS(D16+N16-O16),0),IF((N16-E16-O16)<0,ABS(N16-E16-O16),0)) -> 0
A17: 10 | B17: =лютий!B17 -> Фесенко О.В. | C17: =лютий!C17 -> 1010 | D17: =лютий!P17 -> 1992.75 | E17: =лютий!Q17 -> 0 | F17: =лютий!F17 -> 0 | G17: =лютий!G17 -> 50.1 | H17: =лютий!H17 -> 0 | I17: =лютий!I17 -> 4.1 | J17: =ROUND(G17*I17,2) -> 205.41 | N17: =ROUND((G17*I17)-K17-L17-M17,2) -> 205.41 | P17: =IF(D17=0,IF((N17-E17-O17)>0,(N17-E17-O17),0),IF((D17+N17-O17)>0,(D17+N17-O17),0)) -> 2198.16 | Q17: =IF(E17=0,IF((D17+N17-O17)<0,ABS(D17+N17-O17),0),IF((N17-E17-O17)<0,ABS(N17-E17-O17),0)) -> 0
A18: 11 | B18: =лютий!B18 -> Петренко О.М. | C18: =лютий!C18 -> 1011 | D18: =лютий!P18 -> 1641.32 | E18: =лютий!Q18 -> 0 | F18: =лютий!F18 -> 0 | G18: =лютий!G18 -> 35.2 | H18: =лютий!H18 -> 0 | I18: =лютий!I18 -> 4.1 | J18: =ROUND(G18*I18,2) -> 144.32 | N18: =ROUND((G18*I18)-K18-L18-M18,2) -> 144.32 | P18: =IF(D18=0,IF((N18-E18-O18)>0,(N18-E18-O18),0),IF((D18+N18-O18)>0,(D18+N18-O18),0)) -> 1785.64 | Q18: =IF(E18=0,IF((D18+N18-O18)<0,ABS(D18+N18-O18),0),IF((N18-E18-O18)<0,ABS(N18-E18-O18),0)) -> 0
A19: 12 | B19: =лютий!B19 -> Зеленюк А.Д | C19: =лютий!C19 -> 1012 | D19: =лютий!P19 -> 3428.01 | E19: =лютий!Q19 -> 0 | F19: =лютий!F19 -> 0 | G19: =лютий!G19 -> 62.78 | H19: =лютий!H19 -> 0 | I19: =лютий!I19 -> 4.1 | J19: =ROUND(G19*I19,2) -> 257.4 | N19: =ROUND((G19*I19)-K19-L19-M19,2) -> 257.4 | P19: =IF(D19=0,IF((N19-E19-O19)>0,(N19-E19-O19),0),IF((D19+N19-O19)>0,(D19+N19-O19),0)) -> 3685.41 | Q19: =IF(E19=0,IF((D19+N19-O19)<0,ABS(D19+N19-O19),0),IF((N19-E19-O19)<0,ABS(N19-E19-O19),0)) -> 0
A20: 13 | B20: =лютий!B20 -> Вовк І.В | C20: =лютий!C20 -> 1013 | D20: =лютий!P20 -> 2368.35 | E20: =лютий!Q20 -> 0 | F20: =лютий!F20 -> 0 | G20: =лютий!G20 -> 28.23 | H20: =лютий!H20 -> 0 | I20: =лютий!I20 -> 4.1 | J20: =ROUND(G20*I20,2) -> 115.74 | N20: =ROUND((G20*I20)-K20-L20-M20,2) -> 115.74 | P20: =IF(D20=0,IF((N20-E20-O20)>0,(N20-E20-O20),0),IF((D20+N20-O20)>0,(D20+N20-O20),0)) -> 2484.09 | Q20: =IF(E20=0,IF((D20+N20-O20)<0,ABS(D20+N20-O20),0),IF((N20-E20-O20)<0,ABS(N20-E20-O20),0)) -> 0
A21: 13 | B21: =лютий!B21 -> Романовський В.М | C21: =лютий!C21 -> 1013-а | D21: =лютий!P21 -> 3568.18 | E21: =лютий!Q21 -> 0 | F21: =лютий!F21 -> 0 | G21: =лютий!G21 -> 37.84 | H21: =лютий!H21 -> 0 | I21: =лютий!I21 -> 4.1 | J21: =ROUND(G21*I21,2) -> 155.14 | N21: =ROUND((G21*I21)-K21-L21-M21,2) -> 155.14 | P21: =IF(D21=0,IF((N21-E21-O21)>0,(N21-E21-O21),0),IF((D21+N21-O21)>0,(D21+N21-O21),0)) -> 3723.32 | Q21: =IF(E21=0,IF((D21+N21-O21)<0,ABS(D21+N21-O21),0),IF((N21-E21-O21)<0,ABS(N21-E21-O21),0)) -> 0
A22: 14 | B22: =лютий!B22 -> Ряба Л.І | C22: =лютий!C22 -> 1014 | D22: =лютий!P22 -> 1115.04 | E22: =лютий!Q22 -> 0 | F22: =лютий!F22 -> 0 | G22: =лютий!G22 -> 49.24 | H22: =лютий!H22 -> 0 | I22: =лютий!I22 -> 4.1 | J22: =ROUND(G22*I22,2) -> 201.88 | N22: =ROUND((G22*I22)-K22-L22-M22,2) -> 201.88 | O22: 700 | P22: =IF(D22=0,IF((N22-E22-O22)>0,(N22-E22-O22),0),IF((D22+N22-O22)>0,(D22+N22-O22),0)) -> 616.92 | Q22: =IF(E22=0,IF((D22+N22-O22)<0,ABS(D22+N22-O22),0),IF((N22-E22-O22)<0,ABS(N22-E22-O22),0)) -> 0
A23: 15 | B23: =лютий!B23 -> Кас'янова О.А. | C23: =лютий!C23 -> 1015 | D23: =лютий!P23 -> 1196.86 | E23: =лютий!Q23 -> 0 | F23: =лютий!F23 -> 0 | G23: =лютий!G23 -> 35.1 | H23: =лютий!H23 -> 0 | I23: =лютий!I23 -> 4.1 | J23: =ROUND(G23*I23,2) -> 143.91 | N23: =ROUND((G23*I23)-K23-L23-M23,2) -> 143.91 | P23: =IF(D23=0,IF((N23-E23-O23)>0,(N23-E23-O23),0),IF((D23+N23-O23)>0,(D23+N23-O23),0)) -> 1340.77 | Q23: =IF(E23=0,IF((D23+N23-O23)<0,ABS(D23+N23-O23),0),IF((N23-E23-O23)<0,ABS(N23-E23-O23),0)) -> 0
A24: 16 | B24: =лютий!B24 -> Корякіна М.В. | C24: =лютий!C24 -> 1016 | D24: =лютий!P24 -> 1859.99 | E24: =лютий!Q24 -> 0 | F24: =лютий!F24 -> 0 | G24: =лютий!G24 -> 61.9 | H24: =лютий!H24 -> 0 | I24: =лютий!I24 -> 4.1 | J24: =ROUND(G24*I24,2) -> 253.79 | N24: =ROUND((G24*I24)-K24-L24-M24,2) -> 253.79 | P24: =IF(D24=0,IF((N24-E24-O24)>0,(N24-E24-O24),0),IF((D24+N24-O24)>0,(D24+N24-O24),0)) -> 2113.78 | Q24: =IF(E24=0,IF((D24+N24-O24)<0,ABS(D24+N24-O24),0),IF((N24-E24-O24)<0,ABS(N24-E24-O24),0)) -> 0
A25: 17 | B25: =лютий!B25 -> Сокерчак А.В. | C25: =лютий!C25 -> 1017 | D25: =лютий!P25 -> 0 | E25: =лютий!Q25 -> 271.83 | F25: =лютий!F25 -> 0 | G25: =лютий!G25 -> 66.3 | H25: =лютий!H25 -> 0 | I25: =лютий!I25 -> 4.1 | J25: =ROUND(G25*I25,2) -> 271.83 | N25: =ROUND((G25*I25)-K25-L25-M25,2) -> 271.83 | P25: =IF(D25=0,IF((N25-E25-O25)>0,(N25-E25-O25),0),IF((D25+N25-O25)>0,(D25+N25-O25),0)) -> 0 | Q25: =IF(E25=0,IF((D25+N25-O25)<0,ABS(D25+N25-O25),0),IF((N25-E25-O25)<0,ABS(N25-E25-O25),0)) -> 1.080025e-12
A26: 18 | B26: =лютий!B26 -> Кравченко В.А | C26: =лютий!C26 -> 1018 | D26: =лютий!P26 -> 0 | E26: =лютий!Q26 -> 1406.07 | F26: =лютий!F26 -> 0 | G26: =лютий!G26 -> 51.48 | H26: =лютий!H26 -> 0 | I26: =лютий!I26 -> 4.1 | J26: =ROUND(G26*I26,2) -> 211.07 | N26: =ROUND((G26*I26)-K26-L26-M26,2) -> 211.07 | P26: =IF(D26=0,IF((N26-E26-O26)>0,(N26-E26-O26),0),IF((D26+N26-O26)>0,(D26+N26-O26),0)) -> 0 | Q26: =IF(E26=0,IF((D26+N26-O26)<0,ABS(D26+N26-O26),0),IF((N26-E26-O26)<0,ABS(N26-E26-O26),0)) -> 1195
A27: 19 | B27: =лютий!B27 -> Чичикало А.С | C27: =лютий!C27 -> 1019 | D27: =лютий!P27 -> 286.2 | E27: =лютий!Q27 -> 0 | F27: =лютий!F27 -> 0 | G27: =лютий!G27 -> 35.1 | H27: =лютий!H27 -> 0 | I27: =лютий!I27 -> 4.1 | J27: =ROUND(G27*I27,2) -> 143.91 | N27: =ROUND((G27*I27)-K27-L27-M27,2) -> 143.91 | P27: =IF(D27=0,IF((N27-E27-O27)>0,(N27-E27-O27),0),IF((D27+N27-O27)>0,(D27+N27-O27),0)) -> 430.11 | Q27: =IF(E27=0,IF((D27+N27-O27)<0,ABS(D27+N27-O27),0),IF((N27-E27-O27)<0,ABS(N27-E27-O27),0)) -> 0
A28: 20 | B28: =лютий!B28 -> Сільващук А.А | C28: =лютий!C28 -> 1020 | D28: =лютий!P28 -> 0 | E28: =лютий!Q28 -> 771.21 | F28: =лютий!F28 -> 0 | G28: =лютий!G28 -> 62.7 | H28: =лютий!H28 -> 0 | I28: =лютий!I28 -> 4.1 | J28: =ROUND(G28*I28,2) -> 257.07 | N28: =ROUND((G28*I28)-K28-L28-M28,2) -> 257.07 | P28: =IF(D28=0,IF((N28-E28-O28)>0,(N28-E28-O28),0),IF((D28+N28-O28)>0,(D28+N28-O28),0)) -> 0 | Q28: =IF(E28=0,IF((D28+N28-O28)<0,ABS(D28+N28-O28),0),IF((N28-E28-O28)<0,ABS(N28-E28-O28),0)) -> 514.14
A29: 21 | B29: =лютий!B29 -> Стеценко Г.М | C29: =лютий!C29 -> 1021 | D29: =лютий!P29 -> 1739.35 | E29: =лютий!Q29 -> 0 | F29: =лютий!F29 -> 0 | G29: =лютий!G29 -> 65.32 | H29: =лютий!H29 -> 0 | I29: =лютий!I29 -> 4.1 | J29: =ROUND(G29*I29,2) -> 267.81 | N29: =ROUND((G29*I29)-K29-L29-M29,2) -> 267.81 | O29: 300 | P29: =IF(D29=0,IF((N29-E29-O29)>0,(N29-E29-O29),0),IF((D29+N29-O29)>0,(D29+N29-O29),0)) -> 1707.16 | Q29: =IF(E29=0,IF((D29+N29-O29)<0,ABS(D29+N29-O29),0),IF((N29-E29-O29)<0,ABS(N29-E29-O29),0)) -> 0
A30: 22 | B30: =лютий!B30 -> Кирдячкіна П.А | C30: =лютий!C30 -> 1022 | D30: =лютий!P30 -> 1407.7 | E30: =лютий!Q30 -> 0 | F30: =лютий!F30 -> 0 | G30: =лютий!G30 -> 49.7 | H30: =лютий!H30 -> 0 | I30: =лютий!I30 -> 4.1 | J30: =ROUND(G30*I30,2) -> 203.77 | N30: =ROUND((G30*I30)-K30-L30-M30,2) -> 203.77 | O30: 500 | P30: =IF(D30=0,IF((N30-E30-O30)>0,(N30-E30-O30),0),IF((D30+N30-O30)>0,(D30+N30-O30),0)) -> 1111.47 | Q30: =IF(E30=0,IF((D30+N30-O30)<0,ABS(D30+N30-O30),0),IF((N30-E30-O30)<0,ABS(N30-E30-O30),0)) -> 0
A31: 23 | B31: =лютий!B31 -> Фоміченко Л.А | C31: =лютий!C31 -> 1023 | D31: =лютий!P31 -> 287.82 | E31: =лютий!Q31 -> 0 | F31: =лютий!F31 -> 0 | G31: =лютий!G31 -> 35.1 | H31: =лютий!H31 -> 0 | I31: =лютий!I31 -> 4.1 | J31: =ROUND(G31*I31,2) -> 143.91 | N31: =ROUND((G31*I31)-K31-L31-M31,2) -> 143.91 | P31: =IF(D31=0,IF((N31-E31-O31)>0,(N31-E31-O31),0),IF((D31+N31-O31)>0,(D31+N31-O31),0)) -> 431.73 | Q31: =IF(E31=0,IF((D31+N31-O31)<0,ABS(D31+N31-O31),0),IF((N31-E31-O31)<0,ABS(N31-E31-O31),0)) -> 0
A32: 24 | B32: =лютий!B32 -> Сердюк А.Г | C32: =лютий!C32 -> 1024 | D32: =лютий!P32 -> 1639.55 | E32: =лютий!Q32 -> 0 | F32: =лютий!F32 -> 0 | G32: =лютий!G32 -> 62.31 | H32: =лютий!H32 -> 0 | I32: =лютий!I32 -> 4.1 | J32: =ROUND(G32*I32,2) -> 255.47 | N32: =ROUND((G32*I32)-K32-L32-M32,2) -> 255.47 | O32: 300 | P32: =IF(D32=0,IF((N32-E32-O32)>0,(N32-E32-O32),0),IF((D32+N32-O32)>0,(D32+N32-O32),0)) -> 1595.02 | Q32: =IF(E32=0,IF((D32+N32-O32)<0,ABS(D32+N32-O32),0),IF((N32-E32-O32)<0,ABS(N32-E32-O32),0)) -> 0
A33: 25 | B33: =лютий!B33 -> Михальченко Г.М | C33: =лютий!C33 -> 1025 | D33: =лютий!P33 -> 3320.8 | E33: =лютий!Q33 -> 0 | F33: =лютий!F33 -> 0 | G33: =лютий!G33 -> 65.04 | H33: =лютий!H33 -> 0 | I33: =лютий!I33 -> 4.1 | J33: =ROUND(G33*I33,2) -> 266.66 | N33: =ROUND((G33*I33)-K33-L33-M33,2) -> 266.66 | P33: =IF(D33=0,IF((N33-E33-O33)>0,(N33-E33-O33),0),IF((D33+N33-O33)>0,(D33+N33-O33),0)) -> 3587.46 | Q33: =IF(E33=0,IF((D33+N33-O33)<0,ABS(D33+N33-O33),0),IF((N33-E33-O33)<0,ABS(N33-E33-O33),0)) -> 0
A34: 26 | B34: =лютий!B34 -> Замуховська Я.С | C34: =лютий!C34 -> 1026 | D34: =лютий!P34 -> 1445.33 | E34: =лютий!Q34 -> 0 | F34: =лютий!F34 -> 0 | G34: =лютий!G34 -> 49.8 | H34: =лютий!H34 -> 0 | I34: =лютий!I34 -> 4.1 | J34: =ROUND(G34*I34,2) -> 204.18 | N34: =ROUND((G34*I34)-K34-L34-M34,2) -> 204.18 | P34: =IF(D34=0,IF((N34-E34-O34)>0,(N34-E34-O34),0),IF((D34+N34-O34)>0,(D34+N34-O34),0)) -> 1649.51 | Q34: =IF(E34=0,IF((D34+N34-O34)<0,ABS(D34+N34-O34),0),IF((N34-E34-O34)<0,ABS(N34-E34-O34),0)) -> 0
A35: 27 | B35: =лютий!B35 -> Мержиєвська Г.К | C35: =лютий!C35 -> 1027 | D35: =лютий!P35 -> 707.3 | E35: =лютий!Q35 -> 0 | F35: =лютий!F35 -> 0 | G35: =лютий!G35 -> 35.17 | H35: =лютий!H35 -> 0 | I35: =лютий!I35 -> 4.1 | J35: =ROUND(G35*I35,2) -> 144.2 | N35: =ROUND((G35*I35)-K35-L35-M35,2) -> 144.2 | O35: 300 | P35: =IF(D35=0,IF((N35-E35-O35)>0,(N35-E35-O35),0),IF((D35+N35-O35)>0,(D35+N35-O35),0)) -> 551.5 | Q35: =IF(E35=0,IF((D35+N35-O35)<0,ABS(D35+N35-O35),0),IF((N35-E35-O35)<0,ABS(N35-E35-O35),0)) -> 0
A36: 28 | B36: =лютий!B36 -> Кулакова Л.В. | C36: =лютий!C36 -> 1028 | D36: =лютий!P36 -> 485.57 | E36: =лютий!Q36 -> 0 | F36: =лютий!F36 -> 0 | G36: =лютий!G36 -> 62.47 | H36: =лютий!H36 -> 0 | I36: =лютий!I36 -> 4.1 | J36: =ROUND(G36*I36,2) -> 256.13 | N36: =ROUND((G36*I36)-K36-L36-M36,2) -> 256.13 | P36: =IF(D36=0,IF((N36-E36-O36)>0,(N36-E36-O36),0),IF((D36+N36-O36)>0,(D36+N36-O36),0)) -> 741.7 | Q36: =IF(E36=0,IF((D36+N36-O36)<0,ABS(D36+N36-O36),0),IF((N36-E36-O36)<0,ABS(N36-E36-O36),0)) -> 0
A37: 29 | B37: =лютий!B37 -> Бочаров В.Л. | C37: =лютий!C37 -> 1029 | D37: =лютий!P37 -> 2017.8 | E37: =лютий!Q37 -> 0 | F37: =лютий!F37 -> 0 | G37: =лютий!G37 -> 65.75 | H37: =лютий!H37 -> 0 | I37: =лютий!I37 -> 4.1 | J37: =ROUND(G37*I37,2) -> 269.58 | N37: =ROUND((G37*I37)-K37-L37-M37,2) -> 269.58 | P37: =IF(D37=0,IF((N37-E37-O37)>0,(N37-E37-O37),0),IF((D37+N37-O37)>0,(D37+N37-O37),0)) -> 2287.38 | Q37: =IF(E37=0,IF((D37+N37-O37)<0,ABS(D37+N37-O37),0),IF((N37-E37-O37)<0,ABS(N37-E37-O37),0)) -> 0
A38: 30 | B38: =лютий!B38 -> Лучков В.Л. | C38: =лютий!C38 -> 1030 | D38: =лютий!P38 -> 2640.37 | E38: =лютий!Q38 -> 0 | F38: =лютий!F38 -> 0 | G38: =лютий!G38 -> 49.7 | H38: =лютий!H38 -> 0 | I38: =лютий!I38 -> 4.1 | J38: =ROUND(G38*I38,2) -> 203.77 | N38: =ROUND((G38*I38)-K38-L38-M38,2) -> 203.77 | P38: =IF(D38=0,IF((N38-E38-O38)>0,(N38-E38-O38),0),IF((D38+N38-O38)>0,(D38+N38-O38),0)) -> 2844.14 | Q38: =IF(E38=0,IF((D38+N38-O38)<0,ABS(D38+N38-O38),0),IF((N38-E38-O38)<0,ABS(N38-E38-O38),0)) -> 0
A39: 31 | B39: =лютий!B39 -> Кашкар Т.М. | C39: =лютий!C39 -> 1031 | D39: =лютий!P39 -> 0 | E39: =лютий!Q39 -> 5.6843419e-14 | F39: =лютий!F39 -> 0 | G39: =лютий!G39 -> 35.1 | H39: =лютий!H39 -> 0 | I39: =лютий!I39 -> 4.1 | J39: =ROUND(G39*I39,2) -> 143.91 | N39: =ROUND((G39*I39)-K39-L39-M39,2) -> 143.91 | O39: 143.91 | P39: =IF(D39=0,IF((N39-E39-O39)>0,(N39-E39-O39),0),IF((D39+N39-O39)>0,(D39+N39-O39),0)) -> 0 | Q39: =IF(E39=0,IF((D39+N39-O39)<0,ABS(D39+N39-O39),0),IF((N39-E39-O39)<0,ABS(N39-E39-O39),0)) -> 0
A40: 32 | B40: =лютий!B40 -> Стецюк Н.П. | C40: =лютий!C40 -> 1032 | D40: =лютий!P40 -> 2267.25 | E40: =лютий!Q40 -> 0 | F40: =лютий!F40 -> 0 | G40: =лютий!G40 -> 61.9 | H40: =лютий!H40 -> 0 | I40: =лютий!I40 -> 4.1 | J40: =ROUND(G40*I40,2) -> 253.79 | N40: =ROUND((G40*I40)-K40-L40-M40,2) -> 253.79 | P40: =IF(D40=0,IF((N40-E40-O40)>0,(N40-E40-O40),0),IF((D40+N40-O40)>0,(D40+N40-O40),0)) -> 2521.04 | Q40: =IF(E40=0,IF((D40+N40-O40)<0,ABS(D40+N40-O40),0),IF((N40-E40-O40)<0,ABS(N40-E40-O40),0)) -> 0
A41: 33 | B41: =лютий!B41 -> Маханько В.О. | C41: =лютий!C41 -> 1033 | D41: =лютий!P41 -> 1232.64 | E41: =лютий!Q41 -> 0 | F41: =лютий!F41 -> 0 | G41: =лютий!G41 -> 65.53 | H41: =лютий!H41 -> 0 | I41: =лютий!I41 -> 4.1 | J41: =ROUND(G41*I41,2) -> 268.67 | L41: 268.67 | N41: =ROUND((G41*I41)-K41-L41-M41,2) -> 0 | P41: =IF(D41=0,IF((N41-E41-O41)>0,(N41-E41-O41),0),IF((D41+N41-O41)>0,(D41+N41-O41),0)) -> 1232.64 | Q41: =IF(E41=0,IF((D41+N41-O41)<0,ABS(D41+N41-O41),0),IF((N41-E41-O41)<0,ABS(N41-E41-O41),0)) -> 0
A42: 34 | B42: =лютий!B42 -> Реуцька Р.С. | C42: =лютий!C42 -> 1034 | D42: =лютий!P42 -> 1333.28 | E42: =лютий!Q42 -> 0 | F42: =лютий!F42 -> 0 | G42: =лютий!G42 -> 49.7 | H42: =лютий!H42 -> 0 | I42: =лютий!I42 -> 4.1 | J42: =ROUND(G42*I42,2) -> 203.77 | N42: =ROUND((G42*I42)-K42-L42-M42,2) -> 203.77 | P42: =IF(D42=0,IF((N42-E42-O42)>0,(N42-E42-O42),0),IF((D42+N42-O42)>0,(D42+N42-O42),0)) -> 1537.05 | Q42: =IF(E42=0,IF((D42+N42-O42)<0,ABS(D42+N42-O42),0),IF((N42-E42-O42)<0,ABS(N42-E42-O42),0)) -> 0
A43: 35 | B43: =лютий!B43 -> Колесникова Р.Г. | C43: =лютий!C43 -> 1035 | D43: =лютий!P43 -> 884.12 | E43: =лютий!Q43 -> 0 | F43: =лютий!F43 -> 0 | G43: =лютий!G43 -> 35.1 | H43: =лютий!H43 -> 0 | I43: =лютий!I43 -> 4.1 | J43: =ROUND(G43*I43,2) -> 143.91 | N43: =ROUND((G43*I43)-K43-L43-M43,2) -> 143.91 | O43: 300 | P43: =IF(D43=0,IF((N43-E43-O43)>0,(N43-E43-O43),0),IF((D43+N43-O43)>0,(D43+N43-O43),0)) -> 728.03 | Q43: =IF(E43=0,IF((D43+N43-O43)<0,ABS(D43+N43-O43),0),IF((N43-E43-O43)<0,ABS(N43-E43-O43),0)) -> 0
A44: 36 | B44: =лютий!B44 -> Кучеренко М.М. | C44: =лютий!C44 -> 1036 | D44: =лютий!P44 -> 3395.25 | E44: =лютий!Q44 -> 0 | F44: =лютий!F44 -> 0 | G44: =лютий!G44 -> 61.88 | H44: =лютий!H44 -> 0 | I44: =лютий!I44 -> 4.1 | J44: =ROUND(G44*I44,2) -> 253.71 | N44: =ROUND((G44*I44)-K44-L44-M44,2) -> 253.71 | P44: =IF(D44=0,IF((N44-E44-O44)>0,(N44-E44-O44),0),IF((D44+N44-O44)>0,(D44+N44-O44),0)) -> 3648.96 | Q44: =IF(E44=0,IF((D44+N44-O44)<0,ABS(D44+N44-O44),0),IF((N44-E44-O44)<0,ABS(N44-E44-O44),0)) -> 0
A45: 37 | B45: =лютий!B45 -> Гурова О.М. | C45: =лютий!C45 -> 2037 | D45: =лютий!P45 -> 0 | E45: =лютий!Q45 -> 61.41 | F45: =лютий!F45 -> 0 | G45: =лютий!G45 -> 62.2 | H45: =лютий!H45 -> 0 | I45: =лютий!I45 -> 4.1 | J45: =ROUND(G45*I45,2) -> 255.02 | N45: =ROUND((G45*I45)-K45-L45-M45,2) -> 255.02 | P45: =IF(D45=0,IF((N45-E45-O45)>0,(N45-E45-O45),0),IF((D45+N45-O45)>0,(D45+N45-O45),0)) -> 193.61 | Q45: =IF(E45=0,IF((D45+N45-O45)<0,ABS(D45+N45-O45),0),IF((N45-E45-O45)<0,ABS(N45-E45-O45),0)) -> 0
A46: 38 | B46: =лютий!B46 -> Федорова В.І. | C46: =лютий!C46 -> 2038 | D46: =лютий!P46 -> 692.18 | E46: =лютий!Q46 -> 0 | F46: =лютий!F46 -> 0 | G46: =лютий!G46 -> 34.9 | H46: =лютий!H46 -> 0 | I46: =лютий!I46 -> 4.1 | J46: =ROUND(G46*I46,2) -> 143.09 | N46: =ROUND((G46*I46)-K46-L46-M46,2) -> 143.09 | O46: 835 | P46: =IF(D46=0,IF((N46-E46-O46)>0,(N46-E46-O46),0),IF((D46+N46-O46)>0,(D46+N46-O46),0)) -> 0.27 | Q46: =IF(E46=0,IF((D46+N46-O46)<0,ABS(D46+N46-O46),0),IF((N46-E46-O46)<0,ABS(N46-E46-O46),0)) -> 0
A47: 39 | B47: =лютий!B47 -> Лаптєв В.І. | C47: =лютий!C47 -> 2039 | D47: =лютий!P47 -> 200.1 | E47: =лютий!Q47 -> 0 | F47: =лютий!F47 -> 0 | G47: =лютий!G47 -> 48.8 | H47: =лютий!H47 -> 0 | I47: =лютий!I47 -> 4.1 | J47: =ROUND(G47*I47,2) -> 200.08 | N47: =ROUND((G47*I47)-K47-L47-M47,2) -> 200.08 | O47: 200.1 | P47: =IF(D47=0,IF((N47-E47-O47)>0,(N47-E47-O47),0),IF((D47+N47-O47)>0,(D47+N47-O47),0)) -> 200.08 | Q47: =IF(E47=0,IF((D47+N47-O47)<0,ABS(D47+N47-O47),0),IF((N47-E47-O47)<0,ABS(N47-E47-O47),0)) -> 0
A48: 40 | B48: =лютий!B48 -> Тимощук О.Є. | C48: =лютий!C48 -> 2040 | D48: =лютий!P48 -> 694.13 | E48: =лютий!Q48 -> 0 | F48: =лютий!F48 -> 0 | G48: =лютий!G48 -> 57.3 | H48: =лютий!H48 -> 0 | I48: =лютий!I48 -> 4.1 | J48: =ROUND(G48*I48,2) -> 234.93 | N48: =ROUND((G48*I48)-K48-L48-M48,2) -> 234.93 | O48: 300 | P48: =IF(D48=0,IF((N48-E48-O48)>0,(N48-E48-O48),0),IF((D48+N48-O48)>0,(D48+N48-O48),0)) -> 629.06 | Q48: =IF(E48=0,IF((D48+N48-O48)<0,ABS(D48+N48-O48),0),IF((N48-E48-O48)<0,ABS(N48-E48-O48),0)) -> 0
A49: 41 | B49: =лютий!B49 -> Котяш О.В. | C49: =лютий!C49 -> 2041 | D49: =лютий!P49 -> 2333.63 | E49: =лютий!Q49 -> 0 | F49: =лютий!F49 -> 0 | G49: =лютий!G49 -> 63.3 | H49: =лютий!H49 -> 0 | I49: =лютий!I49 -> 4.1 | J49: =ROUND(G49*I49,2) -> 259.53 | N49: =ROUND((G49*I49)-K49-L49-M49,2) -> 259.53 | P49: =IF(D49=0,IF((N49-E49-O49)>0,(N49-E49-O49),0),IF((D49+N49-O49)>0,(D49+N49-O49),0)) -> 2593.16 | Q49: =IF(E49=0,IF((D49+N49-O49)<0,ABS(D49+N49-O49),0),IF((N49-E49-O49)<0,ABS(N49-E49-O49),0)) -> 0
A50: 42 | B50: =лютий!B50 -> Токовило-Паращенко Л.П. | C50: =лютий!C50 -> 2042 | D50: =лютий!P50 -> 1323.95 | E50: =лютий!Q50 -> 0 | F50: =лютий!F50 -> 0 | G50: =лютий!G50 -> 35.68 | H50: =лютий!H50 -> 0 | I50: =лютий!I50 -> 4.1 | J50: =ROUND(G50*I50,2) -> 146.29 | N50: =ROUND((G50*I50)-K50-L50-M50,2) -> 146.29 | P50: =IF(D50=0,IF((N50-E50-O50)>0,(N50-E50-O50),0),IF((D50+N50-O50)>0,(D50+N50-O50),0)) -> 1470.24 | Q50: =IF(E50=0,IF((D50+N50-O50)<0,ABS(D50+N50-O50),0),IF((N50-E50-O50)<0,ABS(N50-E50-O50),0)) -> 0
A51: 43 | B51: =лютий!B51 -> Бєлая К.В. | C51: =лютий!C51 -> 2043 | D51: =лютий!P51 -> 1225.08 | E51: =лютий!Q51 -> 0 | F51: =лютий!F51 -> 0 | G51: =лютий!G51 -> 49.8 | H51: =лютий!H51 -> 0 | I51: =лютий!I51 -> 4.1 | J51: =ROUND(G51*I51,2) -> 204.18 | N51: =ROUND((G51*I51)-K51-L51-M51,2) -> 204.18 | P51: =IF(D51=0,IF((N51-E51-O51)>0,(N51-E51-O51),0),IF((D51+N51-O51)>0,(D51+N51-O51),0)) -> 1429.26 | Q51: =IF(E51=0,IF((D51+N51-O51)<0,ABS(D51+N51-O51),0),IF((N51-E51-O51)<0,ABS(N51-E51-O51),0)) -> 0
A52: 44 | B52: =лютий!B52 -> Стадник О.Ф. | C52: =лютий!C52 -> 2044 | D52: =лютий!P52 -> 4104.33 | E52: =лютий!Q52 -> 0 | F52: =лютий!F52 -> 0 | G52: =лютий!G52 -> 65.9 | H52: =лютий!H52 -> 0 | I52: =лютий!I52 -> 4.1 | J52: =ROUND(G52*I52,2) -> 270.19 | N52: =ROUND((G52*I52)-K52-L52-M52,2) -> 270.19 | O52: 1080.76 | P52: =IF(D52=0,IF((N52-E52-O52)>0,(N52-E52-O52),0),IF((D52+N52-O52)>0,(D52+N52-O52),0)) -> 3293.76 | Q52: =IF(E52=0,IF((D52+N52-O52)<0,ABS(D52+N52-O52),0),IF((N52-E52-O52)<0,ABS(N52-E52-O52),0)) -> 0
A53: 45 | B53: =лютий!B53 -> Ляшенко В.М. | C53: =лютий!C53 -> 2045 | D53: =лютий!P53 -> 508.4 | E53: =лютий!Q53 -> 0 | F53: =лютий!F53 -> 0 | G53: =лютий!G53 -> 62 | H53: =лютий!H53 -> 0 | I53: =лютий!I53 -> 4.1 | J53: =ROUND(G53*I53,2) -> 254.2 | N53: =ROUND((G53*I53)-K53-L53-M53,2) -> 254.2 | P53: =IF(D53=0,IF((N53-E53-O53)>0,(N53-E53-O53),0),IF((D53+N53-O53)>0,(D53+N53-O53),0)) -> 762.6 | Q53: =IF(E53=0,IF((D53+N53-O53)<0,ABS(D53+N53-O53),0),IF((N53-E53-O53)<0,ABS(N53-E53-O53),0)) -> 0
A54: 46 | B54: =лютий!B54 -> Смоленська Т.О. | C54: =лютий!C54 -> 2046 | D54: =лютий!P54 -> 1287.82 | E54: =лютий!Q54 -> 0 | F54: =лютий!F54 -> 0 | G54: =лютий!G54 -> 35.1 | H54: =лютий!H54 -> 0 | I54: =лютий!I54 -> 4.1 | J54: =ROUND(G54*I54,2) -> 143.91 | N54: =ROUND((G54*I54)-K54-L54-M54,2) -> 143.91 | P54: =IF(D54=0,IF((N54-E54-O54)>0,(N54-E54-O54),0),IF((D54+N54-O54)>0,(D54+N54-O54),0)) -> 1431.73 | Q54: =IF(E54=0,IF((D54+N54-O54)<0,ABS(D54+N54-O54),0),IF((N54-E54-O54)<0,ABS(N54-E54-O54),0)) -> 0
A55: 47 | B55: =лютий!B55 -> Дудка І.В. | C55: =лютий!C55 -> 2047 | D55: =лютий!P55 -> 1422.6 | E55: =лютий!Q55 -> 0 | F55: =лютий!F55 -> 0 | G55: =лютий!G55 -> 49.6 | H55: =лютий!H55 -> 0 | I55: =лютий!I55 -> 4.1 | J55: =ROUND(G55*I55,2) -> 203.36 | N55: =ROUND((G55*I55)-K55-L55-M55,2) -> 203.36 | O55: 1000 | P55: =IF(D55=0,IF((N55-E55-O55)>0,(N55-E55-O55),0),IF((D55+N55-O55)>0,(D55+N55-O55),0)) -> 625.96 | Q55: =IF(E55=0,IF((D55+N55-O55)<0,ABS(D55+N55-O55),0),IF((N55-E55-O55)<0,ABS(N55-E55-O55),0)) -> 0
A56: 48 | B56: =лютий!B56 -> Буланова Л.І. | C56: =лютий!C56 -> 2048 | D56: =лютий!P56 -> 544.59 | E56: =лютий!Q56 -> 0 | F56: =лютий!F56 -> 0 | G56: =лютий!G56 -> 66.44 | H56: =лютий!H56 -> 0 | I56: =лютий!I56 -> 4.1 | J56: =ROUND(G56*I56,2) -> 272.4 | N56: =ROUND((G56*I56)-K56-L56-M56,2) -> 272.4 | O56: 544.59 | P56: =IF(D56=0,IF((N56-E56-O56)>0,(N56-E56-O56),0),IF((D56+N56-O56)>0,(D56+N56-O56),0)) -> 272.4 | Q56: =IF(E56=0,IF((D56+N56-O56)<0,ABS(D56+N56-O56),0),IF((N56-E56-O56)<0,ABS(N56-E56-O56),0)) -> 0
A57: 49 | B57: =лютий!B57 -> Шалімова О.О. | C57: =лютий!C57 -> 2049 | D57: =лютий!P57 -> 2269.49 | E57: =лютий!Q57 -> 0 | F57: =лютий!F57 -> 0 | G57: =лютий!G57 -> 62.1 | H57: =лютий!H57 -> 0 | I57: =лютий!I57 -> 4.1 | J57: =ROUND(G57*I57,2) -> 254.61 | N57: =ROUND((G57*I57)-K57-L57-M57,2) -> 254.61 | P57: =IF(D57=0,IF((N57-E57-O57)>0,(N57-E57-O57),0),IF((D57+N57-O57)>0,(D57+N57-O57),0)) -> 2524.1 | Q57: =IF(E57=0,IF((D57+N57-O57)<0,ABS(D57+N57-O57),0),IF((N57-E57-O57)<0,ABS(N57-E57-O57),0)) -> 0
A58: 50 | B58: =лютий!B58 -> Андросик О.О. | C58: =лютий!C58 -> 2050 | D58: =лютий!P58 -> 286.18 | E58: =лютий!Q58 -> 0 | F58: =лютий!F58 -> 0 | G58: =лютий!G58 -> 34.9 | H58: =лютий!H58 -> 0 | I58: =лютий!I58 -> 4.1 | J58: =ROUND(G58*I58,2) -> 143.09 | N58: =ROUND((G58*I58)-K58-L58-M58,2) -> 143.09 | P58: =IF(D58=0,IF((N58-E58-O58)>0,(N58-E58-O58),0),IF((D58+N58-O58)>0,(D58+N58-O58),0)) -> 429.27 | Q58: =IF(E58=0,IF((D58+N58-O58)<0,ABS(D58+N58-O58),0),IF((N58-E58-O58)<0,ABS(N58-E58-O58),0)) -> 0
A59: 51 | B59: =лютий!B59 -> Токар Є.А. | C59: =лютий!C59 -> 2051 | D59: =лютий!P59 -> 1961.75 | E59: =лютий!Q59 -> 0 | F59: =лютий!F59 -> 0 | G59: =лютий!G59 -> 49.22 | H59: =лютий!H59 -> 0 | I59: =лютий!I59 -> 4.1 | J59: =ROUND(G59*I59,2) -> 201.8 | N59: =ROUND((G59*I59)-K59-L59-M59,2) -> 201.8 | P59: =IF(D59=0,IF((N59-E59-O59)>0,(N59-E59-O59),0),IF((D59+N59-O59)>0,(D59+N59-O59),0)) -> 2163.55 | Q59: =IF(E59=0,IF((D59+N59-O59)<0,ABS(D59+N59-O59),0),IF((N59-E59-O59)<0,ABS(N59-E59-O59),0)) -> 0
A60: 52 | B60: =лютий!B60 -> Констанчук І.В. | C60: =лютий!C60 -> 2052 | D60: =лютий!P60 -> 2381.51 | E60: =лютий!Q60 -> 0 | F60: =лютий!F60 -> 0 | G60: =лютий!G60 -> 65.5 | H60: =лютий!H60 -> 0 | I60: =лютий!I60 -> 4.1 | J60: =ROUND(G60*I60,2) -> 268.55 | N60: =ROUND((G60*I60)-K60-L60-M60,2) -> 268.55 | P60: =IF(D60=0,IF((N60-E60-O60)>0,(N60-E60-O60),0),IF((D60+N60-O60)>0,(D60+N60-O60),0)) -> 2650.06 | Q60: =IF(E60=0,IF((D60+N60-O60)<0,ABS(D60+N60-O60),0),IF((N60-E60-O60)<0,ABS(N60-E60-O60),0)) -> 0
A61: 53 | B61: =лютий!B61 -> Гончаров В.В. | C61: =лютий!C61 -> 2053 | D61: =лютий!P61 -> 416.16 | E61: =лютий!Q61 -> 0 | F61: =лютий!F61 -> 0 | G61: =лютий!G61 -> 62.64 | H61: =лютий!H61 -> 0 | I61: =лютий!I61 -> 4.1 | J61: =ROUND(G61*I61,2) -> 256.82 | N61: =ROUND((G61*I61)-K61-L61-M61,2) -> 256.82 | P61: =IF(D61=0,IF((N61-E61-O61)>0,(N61-E61-O61),0),IF((D61+N61-O61)>0,(D61+N61-O61),0)) -> 672.98 | Q61: =IF(E61=0,IF((D61+N61-O61)<0,ABS(D61+N61-O61),0),IF((N61-E61-O61)<0,ABS(N61-E61-O61),0)) -> 0
A62: 54 | B62: =лютий!B62 -> Ляхомський В.О. | C62: =лютий!C62 -> 2054 | D62: =лютий!P62 -> 147.57 | E62: =лютий!Q62 -> 0 | F62: =лютий!F62 -> 0 | G62: =лютий!G62 -> 34.9 | H62: =лютий!H62 -> 0 | I62: =лютий!I62 -> 4.1 | J62: =ROUND(G62*I62,2) -> 143.09 | N62: =ROUND((G62*I62)-K62-L62-M62,2) -> 143.09 | P62: =IF(D62=0,IF((N62-E62-O62)>0,(N62-E62-O62),0),IF((D62+N62-O62)>0,(D62+N62-O62),0)) -> 290.66 | Q62: =IF(E62=0,IF((D62+N62-O62)<0,ABS(D62+N62-O62),0),IF((N62-E62-O62)<0,ABS(N62-E62-O62),0)) -> 0
A63: 55 | B63: =лютий!B63 -> Крамаренко В.П. | C63: =лютий!C63 -> 2055 | D63: =лютий!P63 -> 1844.22 | E63: =лютий!Q63 -> 0 | F63: =лютий!F63 -> 0 | G63: =лютий!G63 -> 49.79 | H63: =лютий!H63 -> 0 | I63: =лютий!I63 -> 4.1 | J63: =ROUND(G63*I63,2) -> 204.14 | N63: =ROUND((G63*I63)-K63-L63-M63,2) -> 204.14 | P63: =IF(D63=0,IF((N63-E63-O63)>0,(N63-E63-O63),0),IF((D63+N63-O63)>0,(D63+N63-O63),0)) -> 2048.36 | Q63: =IF(E63=0,IF((D63+N63-O63)<0,ABS(D63+N63-O63),0),IF((N63-E63-O63)<0,ABS(N63-E63-O63),0)) -> 0
A64: 56 | B64: =лютий!B64 -> Родзик С.Г. | C64: =лютий!C64 -> 2056 | D64: =лютий!P64 -> 1286.29 | E64: =лютий!Q64 -> 0 | F64: =лютий!F64 -> 0 | G64: =лютий!G64 -> 65.2 | H64: =лютий!H64 -> 0 | I64: =лютий!I64 -> 4.1 | J64: =ROUND(G64*I64,2) -> 267.32 | N64: =ROUND((G64*I64)-K64-L64-M64,2) -> 267.32 | P64: =IF(D64=0,IF((N64-E64-O64)>0,(N64-E64-O64),0),IF((D64+N64-O64)>0,(D64+N64-O64),0)) -> 1553.61 | Q64: =IF(E64=0,IF((D64+N64-O64)<0,ABS(D64+N64-O64),0),IF((N64-E64-O64)<0,ABS(N64-E64-O64),0)) -> 0
A65: 57 | B65: =лютий!B65 -> Никоненко Н.С. | C65: =лютий!C65 -> 2057 | D65: =лютий!P65 -> 1416.88 | E65: =лютий!Q65 -> 0 | F65: =лютий!F65 -> 0 | G65: =лютий!G65 -> 61.88 | H65: =лютий!H65 -> 0 | I65: =лютий!I65 -> 4.1 | J65: =ROUND(G65*I65,2) -> 253.71 | N65: =ROUND((G65*I65)-K65-L65-M65,2) -> 253.71 | P65: =IF(D65=0,IF((N65-E65-O65)>0,(N65-E65-O65),0),IF((D65+N65-O65)>0,(D65+N65-O65),0)) -> 1670.59 | Q65: =IF(E65=0,IF((D65+N65-O65)<0,ABS(D65+N65-O65),0),IF((N65-E65-O65)<0,ABS(N65-E65-O65),0)) -> 0
A66: 58 | B66: =лютий!B66 -> Чепок О.В. | C66: =лютий!C66 -> 2058 | D66: =лютий!P66 -> 2904.91 | E66: =лютий!Q66 -> 0 | F66: =лютий!F66 -> 0 | G66: =лютий!G66 -> 35 | H66: =лютий!H66 -> 0 | I66: =лютий!I66 -> 4.1 | J66: =ROUND(G66*I66,2) -> 143.5 | N66: =ROUND((G66*I66)-K66-L66-M66,2) -> 143.5 | P66: =IF(D66=0,IF((N66-E66-O66)>0,(N66-E66-O66),0),IF((D66+N66-O66)>0,(D66+N66-O66),0)) -> 3048.41 | Q66: =IF(E66=0,IF((D66+N66-O66)<0,ABS(D66+N66-O66),0),IF((N66-E66-O66)<0,ABS(N66-E66-O66),0)) -> 0
A67: 59 | B67: =лютий!B67 -> Горошенко Л.С. | C67: =лютий!C67 -> 2059 | D67: =лютий!P67 -> 0 | E67: =лютий!Q67 -> 674.37 | F67: =лютий!F67 -> 0 | G67: =лютий!G67 -> 49.3 | H67: =лютий!H67 -> 0 | I67: =лютий!I67 -> 4.1 | J67: =ROUND(G67*I67,2) -> 202.13 | N67: =ROUND((G67*I67)-K67-L67-M67,2) -> 202.13 | O67: 600 | P67: =IF(D67=0,IF((N67-E67-O67)>0,(N67-E67-O67),0),IF((D67+N67-O67)>0,(D67+N67-O67),0)) -> 0 | Q67: =IF(E67=0,IF((D67+N67-O67)<0,ABS(D67+N67-O67),0),IF((N67-E67-O67)<0,ABS(N67-E67-O67),0)) -> 1072.24
A68: 60 | B68: =лютий!B68 -> Неграчева Л.Г. | C68: =лютий!C68 -> 2060 | D68: =лютий!P68 -> 1736.9 | E68: =лютий!Q68 -> 0 | F68: =лютий!F68 -> 0 | G68: =лютий!G68 -> 66.6 | H68: =лютий!H68 -> 0 | I68: =лютий!I68 -> 4.1 | J68: =ROUND(G68*I68,2) -> 273.06 | N68: =ROUND((G68*I68)-K68-L68-M68,2) -> 273.06 | P68: =IF(D68=0,IF((N68-E68-O68)>0,(N68-E68-O68),0),IF((D68+N68-O68)>0,(D68+N68-O68),0)) -> 2009.96 | Q68: =IF(E68=0,IF((D68+N68-O68)<0,ABS(D68+N68-O68),0),IF((N68-E68-O68)<0,ABS(N68-E68-O68),0)) -> 0
A69: 61 | B69: =лютий!B69 -> Брежнєв О.В. | C69: =лютий!C69 -> 2061 | D69: =лютий!P69 -> 3778.1 | E69: =лютий!Q69 -> 0 | F69: =лютий!F69 -> 0 | G69: =лютий!G69 -> 61.88 | H69: =лютий!H69 -> 0 | I69: =лютий!I69 -> 4.1 | J69: =ROUND(G69*I69,2) -> 253.71 | N69: =ROUND((G69*I69)-K69-L69-M69,2) -> 253.71 | P69: =IF(D69=0,IF((N69-E69-O69)>0,(N69-E69-O69),0),IF((D69+N69-O69)>0,(D69+N69-O69),0)) -> 4031.81 | Q69: =IF(E69=0,IF((D69+N69-O69)<0,ABS(D69+N69-O69),0),IF((N69-E69-O69)<0,ABS(N69-E69-O69),0)) -> 0
A70: 62 | B70: =лютий!B70 -> Горбатюк К.О. | C70: =лютий!C70 -> 2062 | D70: =лютий!P70 -> 1133.76 | E70: =лютий!Q70 -> 0 | F70: =лютий!F70 -> 0 | G70: =лютий!G70 -> 34.96 | H70: =лютий!H70 -> 0 | I70: =лютий!I70 -> 4.1 | J70: =ROUND(G70*I70,2) -> 143.34 | N70: =ROUND((G70*I70)-K70-L70-M70,2) -> 143.34 | P70: =IF(D70=0,IF((N70-E70-O70)>0,(N70-E70-O70),0),IF((D70+N70-O70)>0,(D70+N70-O70),0)) -> 1277.1 | Q70: =IF(E70=0,IF((D70+N70-O70)<0,ABS(D70+N70-O70),0),IF((N70-E70-O70)<0,ABS(N70-E70-O70),0)) -> 0
A71: 63 | B71: =лютий!B71 -> Божик М.О. | C71: =лютий!C71 -> 2063 | D71: =лютий!P71 -> 1398.24 | E71: =лютий!Q71 -> 0 | F71: =лютий!F71 -> 0 | G71: =лютий!G71 -> 50.03 | H71: =лютий!H71 -> 0 | I71: =лютий!I71 -> 4.1 | J71: =ROUND(G71*I71,2) -> 205.12 | N71: =ROUND((G71*I71)-K71-L71-M71,2) -> 205.12 | P71: =IF(D71=0,IF((N71-E71-O71)>0,(N71-E71-O71),0),IF((D71+N71-O71)>0,(D71+N71-O71),0)) -> 1603.36 | Q71: =IF(E71=0,IF((D71+N71-O71)<0,ABS(D71+N71-O71),0),IF((N71-E71-O71)<0,ABS(N71-E71-O71),0)) -> 0
A72: 64 | B72: =лютий!B72 -> Зайченко С.Л | C72: =лютий!C72 -> 2064 | D72: =лютий!P72 -> 3442.89 | E72: =лютий!Q72 -> 0 | F72: =лютий!F72 -> 0 | G72: =лютий!G72 -> 65.15 | H72: =лютий!H72 -> 0 | I72: =лютий!I72 -> 4.1 | J72: =ROUND(G72*I72,2) -> 267.12 | N72: =ROUND((G72*I72)-K72-L72-M72,2) -> 267.12 | P72: =IF(D72=0,IF((N72-E72-O72)>0,(N72-E72-O72),0),IF((D72+N72-O72)>0,(D72+N72-O72),0)) -> 3710.01 | Q72: =IF(E72=0,IF((D72+N72-O72)<0,ABS(D72+N72-O72),0),IF((N72-E72-O72)<0,ABS(N72-E72-O72),0)) -> 0
A73: 65 | B73: =лютий!B73 -> Бессараб Н.Г. | C73: =лютий!C73 -> 2065 | D73: =лютий!P73 -> 0 | E73: =лютий!Q73 -> 91.35 | F73: =лютий!F73 -> 0 | G73: =лютий!G73 -> 63.41 | H73: =лютий!H73 -> 0 | I73: =лютий!I73 -> 4.1 | J73: =ROUND(G73*I73,2) -> 259.98 | N73: =ROUND((G73*I73)-K73-L73-M73,2) -> 259.98 | P73: =IF(D73=0,IF((N73-E73-O73)>0,(N73-E73-O73),0),IF((D73+N73-O73)>0,(D73+N73-O73),0)) -> 168.63 | Q73: =IF(E73=0,IF((D73+N73-O73)<0,ABS(D73+N73-O73),0),IF((N73-E73-O73)<0,ABS(N73-E73-O73),0)) -> 0
A74: 66 | B74: =лютий!B74 -> Прохорова С.І. | C74: =лютий!C74 -> 2066 | D74: =лютий!P74 -> 1662.55 | E74: =лютий!Q74 -> 0 | F74: =лютий!F74 -> 0 | G74: =лютий!G74 -> 35.19 | H74: =лютий!H74 -> 0 | I74: =лютий!I74 -> 4.1 | J74: =ROUND(G74*I74,2) -> 144.28 | N74: =ROUND((G74*I74)-K74-L74-M74,2) -> 144.28 | P74: =IF(D74=0,IF((N74-E74-O74)>0,(N74-E74-O74),0),IF((D74+N74-O74)>0,(D74+N74-O74),0)) -> 1806.83 | Q74: =IF(E74=0,IF((D74+N74-O74)<0,ABS(D74+N74-O74),0),IF((N74-E74-O74)<0,ABS(N74-E74-O74),0)) -> 0
A75: 67 | B75: =лютий!B75 -> Браташ А.Ф. | C75: =лютий!C75 -> 2067 | D75: =лютий!P75 -> 2926.37 | E75: =лютий!Q75 -> 0 | F75: =лютий!F75 -> 0 | G75: =лютий!G75 -> 49.89 | H75: =лютий!H75 -> 0 | I75: =лютий!I75 -> 4.1 | J75: =ROUND(G75*I75,2) -> 204.55 | N75: =ROUND((G75*I75)-K75-L75-M75,2) -> 204.55 | P75: =IF(D75=0,IF((N75-E75-O75)>0,(N75-E75-O75),0),IF((D75+N75-O75)>0,(D75+N75-O75),0)) -> 3130.92 | Q75: =IF(E75=0,IF((D75+N75-O75)<0,ABS(D75+N75-O75),0),IF((N75-E75-O75)<0,ABS(N75-E75-O75),0)) -> 0
A76: 68 | B76: =лютий!B76 -> Кудас Д.О. | C76: =лютий!C76 -> 2068 | D76: =лютий!P76 -> 240.02 | E76: =лютий!Q76 -> 0 | F76: =лютий!F76 -> 0 | G76: =лютий!G76 -> 65.03 | H76: =лютий!H76 -> 0 | I76: =лютий!I76 -> 4.1 | J76: =ROUND(G76*I76,2) -> 266.62 | L76: 266.62 | N76: =ROUND((G76*I76)-K76-L76-M76,2) -> 0 | P76: =IF(D76=0,IF((N76-E76-O76)>0,(N76-E76-O76),0),IF((D76+N76-O76)>0,(D76+N76-O76),0)) -> 240.02 | Q76: =IF(E76=0,IF((D76+N76-O76)<0,ABS(D76+N76-O76),0),IF((N76-E76-O76)<0,ABS(N76-E76-O76),0)) -> 0
A77: 69 | B77: =лютий!B77 -> Шушлєбін Б.В. | C77: =лютий!C77 -> 2069 | D77: =лютий!P77 -> 465.91 | E77: =лютий!Q77 -> 0 | F77: =лютий!F77 -> 0 | G77: =лютий!G77 -> 62.11 | H77: =лютий!H77 -> 0 | I77: =лютий!I77 -> 4.1 | J77: =ROUND(G77*I77,2) -> 254.65 | N77: =ROUND((G77*I77)-K77-L77-M77,2) -> 254.65 | P77: =IF(D77=0,IF((N77-E77-O77)>0,(N77-E77-O77),0),IF((D77+N77-O77)>0,(D77+N77-O77),0)) -> 720.56 | Q77: =IF(E77=0,IF((D77+N77-O77)<0,ABS(D77+N77-O77),0),IF((N77-E77-O77)<0,ABS(N77-E77-O77),0)) -> 0
A78: 70 | B78: =лютий!B78 -> Бородіна І.О. | C78: =лютий!C78 -> 2070 | D78: =лютий!P78 -> 1900.93 | E78: =лютий!Q78 -> 0 | F78: =лютий!F78 -> 0 | G78: =лютий!G78 -> 34.9 | H78: =лютий!H78 -> 0 | I78: =лютий!I78 -> 4.1 | J78: =ROUND(G78*I78,2) -> 143.09 | N78: =ROUND((G78*I78)-K78-L78-M78,2) -> 143.09 | P78: =IF(D78=0,IF((N78-E78-O78)>0,(N78-E78-O78),0),IF((D78+N78-O78)>0,(D78+N78-O78),0)) -> 2044.02 | Q78: =IF(E78=0,IF((D78+N78-O78)<0,ABS(D78+N78-O78),0),IF((N78-E78-O78)<0,ABS(N78-E78-O78),0)) -> 0
A79: 71 | B79: =лютий!B79 -> Котурга Л.Й. | C79: =лютий!C79 -> 2071 | D79: =лютий!P79 -> 843.62 | E79: =лютий!Q79 -> 0 | F79: =лютий!F79 -> 0 | G79: =лютий!G79 -> 49.2 | H79: =лютий!H79 -> 0 | I79: =лютий!I79 -> 4.1 | J79: =ROUND(G79*I79,2) -> 201.72 | N79: =ROUND((G79*I79)-K79-L79-M79,2) -> 201.72 | P79: =IF(D79=0,IF((N79-E79-O79)>0,(N79-E79-O79),0),IF((D79+N79-O79)>0,(D79+N79-O79),0)) -> 1045.34 | Q79: =IF(E79=0,IF((D79+N79-O79)<0,ABS(D79+N79-O79),0),IF((N79-E79-O79)<0,ABS(N79-E79-O79),0)) -> 0
A80: 72 | B80: =лютий!B80 -> Горова О.І. | C80: =лютий!C80 -> 2072 | D80: =лютий!P80 -> 2212.99 | E80: =лютий!Q80 -> 0 | F80: =лютий!F80 -> 0 | G80: =лютий!G80 -> 65.43 | H80: =лютий!H80 -> 0 | I80: =лютий!I80 -> 4.1 | J80: =ROUND(G80*I80,2) -> 268.26 | N80: =ROUND((G80*I80)-K80-L80-M80,2) -> 268.26 | P80: =IF(D80=0,IF((N80-E80-O80)>0,(N80-E80-O80),0),IF((D80+N80-O80)>0,(D80+N80-O80),0)) -> 2481.25 | Q80: =IF(E80=0,IF((D80+N80-O80)<0,ABS(D80+N80-O80),0),IF((N80-E80-O80)<0,ABS(N80-E80-O80),0)) -> 0
A81: 73 | B81: =лютий!B81 -> Рибакевич М.П. | C81: =лютий!C81 -> 3073 | D81: =лютий!P81 -> 3181 | E81: =лютий!Q81 -> 0 | F81: =лютий!F81 -> 0 | G81: =лютий!G81 -> 64.5 | H81: =лютий!H81 -> 0 | I81: =лютий!I81 -> 4.1 | J81: =ROUND(G81*I81,2) -> 264.45 | N81: =ROUND((G81*I81)-K81-L81-M81,2) -> 264.45 | P81: =IF(D81=0,IF((N81-E81-O81)>0,(N81-E81-O81),0),IF((D81+N81-O81)>0,(D81+N81-O81),0)) -> 3445.45 | Q81: =IF(E81=0,IF((D81+N81-O81)<0,ABS(D81+N81-O81),0),IF((N81-E81-O81)<0,ABS(N81-E81-O81),0)) -> 0
A82: 74 | B82: =лютий!B82 -> Башкалов В.В. | C82: =лютий!C82 -> 3074 | D82: =лютий!P82 -> 1068.11 | E82: =лютий!Q82 -> 0 | F82: =лютий!F82 -> 0 | G82: =лютий!G82 -> 50.8 | H82: =лютий!H82 -> 0 | I82: =лютий!I82 -> 4.1 | J82: =ROUND(G82*I82,2) -> 208.28 | L82: 208.28 | N82: =ROUND((G82*I82)-K82-L82-M82,2) -> 0 | O82: 1000 | P82: =IF(D82=0,IF((N82-E82-O82)>0,(N82-E82-O82),0),IF((D82+N82-O82)>0,(D82+N82-O82),0)) -> 68.11 | Q82: =IF(E82=0,IF((D82+N82-O82)<0,ABS(D82+N82-O82),0),IF((N82-E82-O82)<0,ABS(N82-E82-O82),0)) -> 0
A83: 75 | B83: =лютий!B83 -> Тіхенко Г.Д. | C83: =лютий!C83 -> 3075 | D83: =лютий!P83 -> 1752.45 | E83: =лютий!Q83 -> 0 | F83: =лютий!F83 -> 0 | G83: =лютий!G83 -> 34.9 | H83: =лютий!H83 -> 0 | I83: =лютий!I83 -> 4.1 | J83: =ROUND(G83*I83,2) -> 143.09 | N83: =ROUND((G83*I83)-K83-L83-M83,2) -> 143.09 | O83: 300 | P83: =IF(D83=0,IF((N83-E83-O83)>0,(N83-E83-O83),0),IF((D83+N83-O83)>0,(D83+N83-O83),0)) -> 1595.54 | Q83: =IF(E83=0,IF((D83+N83-O83)<0,ABS(D83+N83-O83),0),IF((N83-E83-O83)<0,ABS(N83-E83-O83),0)) -> 0
A84: 76 | B84: =лютий!B84 -> Головченко В.Г. | C84: =лютий!C84 -> 3076 | D84: =лютий!P84 -> 1197.78 | E84: =лютий!Q84 -> 0 | F84: =лютий!F84 -> 0 | G84: =лютий!G84 -> 61 | H84: =лютий!H84 -> 0 | I84: =лютий!I84 -> 4.1 | J84: =ROUND(G84*I84,2) -> 250.1 | N84: =ROUND((G84*I84)-K84-L84-M84,2) -> 250.1 | P84: =IF(D84=0,IF((N84-E84-O84)>0,(N84-E84-O84),0),IF((D84+N84-O84)>0,(D84+N84-O84),0)) -> 1447.88 | Q84: =IF(E84=0,IF((D84+N84-O84)<0,ABS(D84+N84-O84),0),IF((N84-E84-O84)<0,ABS(N84-E84-O84),0)) -> 0
A85: 77 | B85: =лютий!B85 -> Семанішина Є.С. | C85: =лютий!C85 -> 3077 | D85: =лютий!P85 -> 2108.35 | E85: =лютий!Q85 -> 0 | F85: =лютий!F85 -> 0 | G85: =лютий!G85 -> 64.5 | H85: =лютий!H85 -> 0 | I85: =лютий!I85 -> 4.1 | J85: =ROUND(G85*I85,2) -> 264.45 | N85: =ROUND((G85*I85)-K85-L85-M85,2) -> 264.45 | P85: =IF(D85=0,IF((N85-E85-O85)>0,(N85-E85-O85),0),IF((D85+N85-O85)>0,(D85+N85-O85),0)) -> 2372.8 | Q85: =IF(E85=0,IF((D85+N85-O85)<0,ABS(D85+N85-O85),0),IF((N85-E85-O85)<0,ABS(N85-E85-O85),0)) -> 0
A86: 78 | B86: =лютий!B86 -> Зінченко Ю.В. | C86: =лютий!C86 -> 3078 | D86: =лютий!P86 -> 578.09 | E86: =лютий!Q86 -> 0 | F86: =лютий!F86 -> 0 | G86: =лютий!G86 -> 49.3 | H86: =лютий!H86 -> 0 | I86: =лютий!I86 -> 4.1 | J86: =ROUND(G86*I86,2) -> 202.13 | N86: =ROUND((G86*I86)-K86-L86-M86,2) -> 202.13 | P86: =IF(D86=0,IF((N86-E86-O86)>0,(N86-E86-O86),0),IF((D86+N86-O86)>0,(D86+N86-O86),0)) -> 780.22 | Q86: =IF(E86=0,IF((D86+N86-O86)<0,ABS(D86+N86-O86),0),IF((N86-E86-O86)<0,ABS(N86-E86-O86),0)) -> 0
A87: 79 | B87: =лютий!B87 -> Рилова Г.П. | C87: =лютий!C87 -> 3079 | D87: =лютий!P87 -> 0 | E87: =лютий!Q87 -> 0.6 | F87: =лютий!F87 -> 0 | G87: =лютий!G87 -> 35 | H87: =лютий!H87 -> 0 | I87: =лютий!I87 -> 4.1 | J87: =ROUND(G87*I87,2) -> 143.5 | N87: =ROUND((G87*I87)-K87-L87-M87,2) -> 143.5 | O87: 145 | P87: =IF(D87=0,IF((N87-E87-O87)>0,(N87-E87-O87),0),IF((D87+N87-O87)>0,(D87+N87-O87),0)) -> 0 | Q87: =IF(E87=0,IF((D87+N87-O87)<0,ABS(D87+N87-O87),0),IF((N87-E87-O87)<0,ABS(N87-E87-O87),0)) -> 2.1
A88: 80 | B88: =лютий!B88 -> Ленський І.О. | C88: =лютий!C88 -> 3080 | D88: =лютий!P88 -> 243.21 | E88: =лютий!Q88 -> 0 | F88: =лютий!F88 -> 0 | G88: =лютий!G88 -> 61.8 | H88: =лютий!H88 -> 0 | I88: =лютий!I88 -> 4.1 | J88: =ROUND(G88*I88,2) -> 253.38 | N88: =ROUND((G88*I88)-K88-L88-M88,2) -> 253.38 | P88: =IF(D88=0,IF((N88-E88-O88)>0,(N88-E88-O88),0),IF((D88+N88-O88)>0,(D88+N88-O88),0)) -> 496.59 | Q88: =IF(E88=0,IF((D88+N88-O88)<0,ABS(D88+N88-O88),0),IF((N88-E88-O88)<0,ABS(N88-E88-O88),0)) -> 0
A89: 81 | B89: =лютий!B89 -> Слюсар О.О. | C89: =лютий!C89 -> 3081 | D89: =лютий!P89 -> 3373.19 | E89: =лютий!Q89 -> 0 | F89: =лютий!F89 -> 0 | G89: =лютий!G89 -> 65.81 | H89: =лютий!H89 -> 0 | I89: =лютий!I89 -> 4.1 | J89: =ROUND(G89*I89,2) -> 269.82 | N89: =ROUND((G89*I89)-K89-L89-M89,2) -> 269.82 | P89: =IF(D89=0,IF((N89-E89-O89)>0,(N89-E89-O89),0),IF((D89+N89-O89)>0,(D89+N89-O89),0)) -> 3643.01 | Q89: =IF(E89=0,IF((D89+N89-O89)<0,ABS(D89+N89-O89),0),IF((N89-E89-O89)<0,ABS(N89-E89-O89),0)) -> 0
A90: 82 | B90: =лютий!B90 -> Кісельов Г.О. | C90: =лютий!C90 -> 3082 | D90: =лютий!P90 -> 1216.61 | E90: =лютий!Q90 -> 0 | F90: =лютий!F90 -> 0 | G90: =лютий!G90 -> 49.7 | H90: =лютий!H90 -> 0 | I90: =лютий!I90 -> 4.1 | J90: =ROUND(G90*I90,2) -> 203.77 | N90: =ROUND((G90*I90)-K90-L90-M90,2) -> 203.77 | P90: =IF(D90=0,IF((N90-E90-O90)>0,(N90-E90-O90),0),IF((D90+N90-O90)>0,(D90+N90-O90),0)) -> 1420.38 | Q90: =IF(E90=0,IF((D90+N90-O90)<0,ABS(D90+N90-O90),0),IF((N90-E90-O90)<0,ABS(N90-E90-O90),0)) -> 0
A91: 83 | B91: =лютий!B91 -> Губанова Н.С. | C91: =лютий!C91 -> 3083 | D91: =лютий!P91 -> 990.15 | E91: =лютий!Q91 -> 0 | F91: =лютий!F91 -> 0 | G91: =лютий!G91 -> 34.5 | H91: =лютий!H91 -> 0 | I91: =лютий!I91 -> 4.1 | J91: =ROUND(G91*I91,2) -> 141.45 | N91: =ROUND((G91*I91)-K91-L91-M91,2) -> 141.45 | P91: =IF(D91=0,IF((N91-E91-O91)>0,(N91-E91-O91),0),IF((D91+N91-O91)>0,(D91+N91-O91),0)) -> 1131.6 | Q91: =IF(E91=0,IF((D91+N91-O91)<0,ABS(D91+N91-O91),0),IF((N91-E91-O91)<0,ABS(N91-E91-O91),0)) -> 0
A92: 84 | B92: =лютий!B92 -> Попова А.В. | C92: =лютий!C92 -> 3084 | D92: =лютий!P92 -> 510.87 | E92: =лютий!Q92 -> 0 | F92: =лютий!F92 -> 0 | G92: =лютий!G92 -> 62.4 | H92: =лютий!H92 -> 0 | I92: =лютий!I92 -> 4.1 | J92: =ROUND(G92*I92,2) -> 255.84 | N92: =ROUND((G92*I92)-K92-L92-M92,2) -> 255.84 | P92: =IF(D92=0,IF((N92-E92-O92)>0,(N92-E92-O92),0),IF((D92+N92-O92)>0,(D92+N92-O92),0)) -> 766.71 | Q92: =IF(E92=0,IF((D92+N92-O92)<0,ABS(D92+N92-O92),0),IF((N92-E92-O92)<0,ABS(N92-E92-O92),0)) -> 0
A93: 85 | B93: =лютий!B93 -> Стародубець О.К. | C93: =лютий!C93 -> 3085 | D93: =лютий!P93 -> 3492.63 | E93: =лютий!Q93 -> 0 | F93: =лютий!F93 -> 0 | G93: =лютий!G93 -> 66.46 | H93: =лютий!H93 -> 0 | I93: =лютий!I93 -> 4.1 | J93: =ROUND(G93*I93,2) -> 272.49 | N93: =ROUND((G93*I93)-K93-L93-M93,2) -> 272.49 | P93: =IF(D93=0,IF((N93-E93-O93)>0,(N93-E93-O93),0),IF((D93+N93-O93)>0,(D93+N93-O93),0)) -> 3765.12 | Q93: =IF(E93=0,IF((D93+N93-O93)<0,ABS(D93+N93-O93),0),IF((N93-E93-O93)<0,ABS(N93-E93-O93),0)) -> 0
A94: 86 | B94: =лютий!B94 -> Сакун Т.А. | C94: =лютий!C94 -> 3086 | D94: =лютий!P94 -> 2854.36 | E94: =лютий!Q94 -> 0 | F94: =лютий!F94 -> 0 | G94: =лютий!G94 -> 49.73 | H94: =лютий!H94 -> 0 | I94: =лютий!I94 -> 4.1 | J94: =ROUND(G94*I94,2) -> 203.89 | N94: =ROUND((G94*I94)-K94-L94-M94,2) -> 203.89 | P94: =IF(D94=0,IF((N94-E94-O94)>0,(N94-E94-O94),0),IF((D94+N94-O94)>0,(D94+N94-O94),0)) -> 3058.25 | Q94: =IF(E94=0,IF((D94+N94-O94)<0,ABS(D94+N94-O94),0),IF((N94-E94-O94)<0,ABS(N94-E94-O94),0)) -> 0
A95: 87 | B95: =лютий!B95 -> Фатєєв Ю.О. | C95: =лютий!C95 -> 3087 | D95: =лютий!P95 -> 4078.63 | E95: =лютий!Q95 -> 0 | F95: =лютий!F95 -> 0 | G95: =лютий!G95 -> 34.9 | H95: =лютий!H95 -> 0 | I95: =лютий!I95 -> 4.1 | J95: =ROUND(G95*I95,2) -> 143.09 | N95: =ROUND((G95*I95)-K95-L95-M95,2) -> 143.09 | P95: =IF(D95=0,IF((N95-E95-O95)>0,(N95-E95-O95),0),IF((D95+N95-O95)>0,(D95+N95-O95),0)) -> 4221.72 | Q95: =IF(E95=0,IF((D95+N95-O95)<0,ABS(D95+N95-O95),0),IF((N95-E95-O95)<0,ABS(N95-E95-O95),0)) -> 0
A96: 88 | B96: =лютий!B96 -> Лукашов Є.В. | C96: =лютий!C96 -> 3088 | D96: =лютий!P96 -> 11948.53 | E96: =лютий!Q96 -> 0 | F96: =лютий!F96 -> 0 | G96: =лютий!G96 -> 61.9 | H96: =лютий!H96 -> 0 | I96: =лютий!I96 -> 4.1 | J96: =ROUND(G96*I96,2) -> 253.79 | N96: =ROUND((G96*I96)-K96-L96-M96,2) -> 253.79 | P96: =IF(D96=0,IF((N96-E96-O96)>0,(N96-E96-O96),0),IF((D96+N96-O96)>0,(D96+N96-O96),0)) -> 12202.32 | Q96: =IF(E96=0,IF((D96+N96-O96)<0,ABS(D96+N96-O96),0),IF((N96-E96-O96)<0,ABS(N96-E96-O96),0)) -> 0
A97: 89 | B97: =лютий!B97 -> Довбета В.М. | C97: =лютий!C97 -> 3089 | D97: =лютий!P97 -> 0 | E97: =лютий!Q97 -> 9.87 | F97: =лютий!F97 -> 0 | G97: =лютий!G97 -> 65.3 | H97: =лютий!H97 -> 0 | I97: =лютий!I97 -> 4.1 | J97: =ROUND(G97*I97,2) -> 267.73 | N97: =ROUND((G97*I97)-K97-L97-M97,2) -> 267.73 | O97: 260 | P97: =IF(D97=0,IF((N97-E97-O97)>0,(N97-E97-O97),0),IF((D97+N97-O97)>0,(D97+N97-O97),0)) -> 0 | Q97: =IF(E97=0,IF((D97+N97-O97)<0,ABS(D97+N97-O97),0),IF((N97-E97-O97)<0,ABS(N97-E97-O97),0)) -> 2.14
A98: 90 | B98: =лютий!B98 -> Черняк К.В. | C98: =лютий!C98 -> 3090 | D98: =лютий!P98 -> 0 | E98: =лютий!Q98 -> 1219.89 | F98: =лютий!F98 -> 0 | G98: =лютий!G98 -> 49.48 | H98: =лютий!H98 -> 0 | I98: =лютий!I98 -> 4.1 | J98: =ROUND(G98*I98,2) -> 202.87 | N98: =ROUND((G98*I98)-K98-L98-M98,2) -> 202.87 | P98: =IF(D98=0,IF((N98-E98-O98)>0,(N98-E98-O98),0),IF((D98+N98-O98)>0,(D98+N98-O98),0)) -> 0 | Q98: =IF(E98=0,IF((D98+N98-O98)<0,ABS(D98+N98-O98),0),IF((N98-E98-O98)<0,ABS(N98-E98-O98),0)) -> 1017.02
A99: 91 | B99: =лютий!B99 -> Удінцева Г.А. | C99: =лютий!C99 -> 3091 | D99: =лютий!P99 -> 285.1 | E99: =лютий!Q99 -> 0 | F99: =лютий!F99 -> 0 | G99: =лютий!G99 -> 35.1 | H99: =лютий!H99 -> 0 | I99: =лютий!I99 -> 4.1 | J99: =ROUND(G99*I99,2) -> 143.91 | N99: =ROUND((G99*I99)-K99-L99-M99,2) -> 143.91 | P99: =IF(D99=0,IF((N99-E99-O99)>0,(N99-E99-O99),0),IF((D99+N99-O99)>0,(D99+N99-O99),0)) -> 429.01 | Q99: =IF(E99=0,IF((D99+N99-O99)<0,ABS(D99+N99-O99),0),IF((N99-E99-O99)<0,ABS(N99-E99-O99),0)) -> 0
A100: 92 | B100: =лютий!B100 -> Липка Г.Ю. | C100: =лютий!C100 -> 3092 | D100: =лютий!P100 -> 4145.92 | E100: =лютий!Q100 -> 0 | F100: =лютий!F100 -> 0 | G100: =лютий!G100 -> 63.2 | H100: =лютий!H100 -> 0 | I100: =лютий!I100 -> 4.1 | J100: =ROUND(G100*I100,2) -> 259.12 | N100: =ROUND((G100*I100)-K100-L100-M100,2) -> 259.12 | P100: =IF(D100=0,IF((N100-E100-O100)>0,(N100-E100-O100),0),IF((D100+N100-O100)>0,(D100+N100-O100),0)) -> 4405.04 | Q100: =IF(E100=0,IF((D100+N100-O100)<0,ABS(D100+N100-O100),0),IF((N100-E100-O100)<0,ABS(N100-E100-O100),0)) -> 0
A101: 93 | B101: =лютий!B101 -> Утьосов Д.М. | C101: =лютий!C101 -> 3093 | D101: =лютий!P101 -> 3180.5 | E101: =лютий!Q101 -> 0 | F101: =лютий!F101 -> 0 | G101: =лютий!G101 -> 66.1 | H101: =лютий!H101 -> 0 | I101: =лютий!I101 -> 4.1 | J101: =ROUND(G101*I101,2) -> 271.01 | N101: =ROUND((G101*I101)-K101-L101-M101,2) -> 271.01 | P101: =IF(D101=0,IF((N101-E101-O101)>0,(N101-E101-O101),0),IF((D101+N101-O101)>0,(D101+N101-O101),0)) -> 3451.51 | Q101: =IF(E101=0,IF((D101+N101-O101)<0,ABS(D101+N101-O101),0),IF((N101-E101-O101)<0,ABS(N101-E101-O101),0)) -> 0
A102: 94 | B102: =лютий!B102 -> Стеценко Д.М. | C102: =лютий!C102 -> 3094 | D102: =лютий!P102 -> 408.43 | E102: =лютий!Q102 -> 0 | F102: =лютий!F102 -> 0 | G102: =лютий!G102 -> 49.8 | H102: =лютий!H102 -> 0 | I102: =лютий!I102 -> 4.1 | J102: =ROUND(G102*I102,2) -> 204.18 | N102: =ROUND((G102*I102)-K102-L102-M102,2) -> 204.18 | P102: =IF(D102=0,IF((N102-E102-O102)>0,(N102-E102-O102),0),IF((D102+N102-O102)>0,(D102+N102-O102),0)) -> 612.61 | Q102: =IF(E102=0,IF((D102+N102-O102)<0,ABS(D102+N102-O102),0),IF((N102-E102-O102)<0,ABS(N102-E102-O102),0)) -> 0
...

Sheet квітень
A1: ОСББ "Карбишева - 22" | N1: 37465042
B2: Відомість нарахувань та оплати мешканців за утримання будинку
B3: у квітні 2023 року
A6: № кв. | B6: ПІБ | C6: Особ. рах. | D6: Д-Т | E6: К-Т | F6: Пільга % | G6: Заг.площа | H6: Пільг. Площа | I6: Внески | J6: 100% нарах. | K6: Пільгова сума | L6: сплачені суми пільг за реєстрами | M6: Коригування | N6: До сплати | O6: Сплачено | P6: Д-Т | Q6: К-Т
A7: 1 | B7: =березень!B7 -> Бережний В.М. | C7: =березень!C7 -> 1001 | D7: =березень!P7 -> 1841.64 | E7: =березень!Q7 -> 0 | F7: =березень!F7 -> 0 | G7: =березень!G7 -> 64.26 | H7: =березень!H7 -> 0 | I7: =березень!I7 -> 4.1 | J7: =ROUND(G7*I7,2) -> 263.47 | N7: =ROUND((G7*I7)-K7-L7-M7,2) -> 263.47 | O7: 2000 | P7: =IF(D7=0,IF((N7-E7-O7)>0,(N7-E7-O7),0),IF((D7+N7-O7)>0,(D7+N7-O7),0)) -> 105.11 | Q7: =IF(E7=0,IF((D7+N7-O7)<0,ABS(D7+N7-O7),0),IF((N7-E7-O7)<0,ABS(N7-E7-O7),0)) -> 0
A8: 2 | B8: =березень!B8 -> Старикова Т.О. | C8: =березень!C8 -> 1002 | D8: =березень!P8 -> 2923.19 | E8: =березень!Q8 -> 0 | F8: =березень!F8 -> 0 | G8: =березень!G8 -> 48.71 | H8: =березень!H8 -> 0 | I8: =березень!I8 -> 4.1 | J8: =ROUND(G8*I8,2) -> 199.71 | N8: =ROUND((G8*I8)-K8-L8-M8,2) -> 199.71 | P8: =IF(D8=0,IF((N8-E8-O8)>0,(N8-E8-O8),0),IF((D8+N8-O8)>0,(D8+N8-O8),0)) -> 3122.9 | Q8: =IF(E8=0,IF((D8+N8-O8)<0,ABS(D8+N8-O8),0),IF((N8-E8-O8)<0,ABS(N8-E8-O8),0)) -> 0
A9: 3 | B9: =березень!B9 -> Мазур Т.В. | C9: =березень!C9 -> 1003 | D9: =березень!P9 -> 168 | E9: =березень!Q9 -> 0 | F9: =березень!F9 -> 0 | G9: =березень!G9 -> 35 | H9: =березень!H9 -> 0 | I9: =березень!I9 -> 4.1 | J9: =ROUND(G9*I9,2) -> 143.5 | N9: =ROUND((G9*I9)-K9-L9-M9,2) -> 143.5 | O9: 300 | P9: =IF(D9=0,IF((N9-E9-O9)>0,(N9-E9-O9),0),IF((D9+N9-O9)>0,(D9+N9-O9),0)) -> 11.5 | Q9: =IF(E9=0,IF((D9+N9-O9)<0,ABS(D9+N9-O9),0),IF((N9-E9-O9)<0,ABS(N9-E9-O9),0)) -> 0
A10: 4 | B10: =березень!B10 -> Сокол О.В. | C10: =березень!C10 -> 1004 | D10: =березень!P10 -> 0 | E10: =березень!Q10 -> 0.03 | F10: =березень!F10 -> 0 | G10: =березень!G10 -> 61.6 | H10: =березень!H10 -> 0 | I10: =березень!I10 -> 4.1 | J10: =ROUND(G10*I10,2) -> 252.56 | N10: =ROUND((G10*I10)-K10-L10-M10,2) -> 252.56 | O10: =252.56+252.56 -> 505.12 | P10: =IF(D10=0,IF((N10-E10-O10)>0,(N10-E10-O10),0),IF((D10+N10-O10)>0,(D10+N10-O10),0)) -> 0 | Q10: =IF(E10=0,IF((D10+N10-O10)<0,ABS(D10+N10-O10),0),IF((N10-E10-O10)<0,ABS(N10-E10-O10),0)) -> 252.59
A11: 5 | B11: =березень!B11 -> Семко Л.І. | C11: =березень!C11 -> 1005 | D11: =березень!P11 -> 0 | E11: =березень!Q11 -> 490.4 | F11: =березень!F11 -> 0 | G11: =березень!G11 -> 28.34 | H11: =березень!H11 -> 0 | I11: =березень!I11 -> 4.1 | J11: =ROUND(G11*I11,2) -> 116.19 | N11: =ROUND((G11*I11)-K11-L11-M11,2) -> 116.19 | P11: =IF(D11=0,IF((N11-E11-O11)>0,(N11-E11-O11),0),IF((D11+N11-O11)>0,(D11+N11-O11),0)) -> 0 | Q11: =IF(E11=0,IF((D11+N11-O11)<0,ABS(D11+N11-O11),0),IF((N11-E11-O11)<0,ABS(N11-E11-O11),0)) -> 374.21
A12: 5 | B12: =березень!B12 -> Гаркуша Н.І. | C12: =березень!C12 -> 1005-а | D12: =березень!P12 -> 0 | E12: =березень!Q12 -> 250.97 | F12: =березень!F12 -> 0 | G12: =березень!G12 -> 36.66 | H12: =березень!H12 -> 0 | I12: =березень!I12 -> 4.1 | J12: =ROUND(G12*I12,2) -> 150.31 | N12: =ROUND((G12*I12)-K12-L12-M12,2) -> 150.31 | P12: =IF(D12=0,IF((N12-E12-O12)>0,(N12-E12-O12),0),IF((D12+N12-O12)>0,(D12+N12-O12),0)) -> 0 | Q12: =IF(E12=0,IF((D12+N12-O12)<0,ABS(D12+N12-O12),0),IF((N12-E12-O12)<0,ABS(N12-E12-O12),0)) -> 100.66
A13: 6 | B13: =березень!B13 -> Андріяшев В.М | C13: =березень!C13 -> 1006 | D13: =березень!P13 -> 0 | E13: =березень!Q13 -> 173.38 | F13: =березень!F13 -> 0 | G13: =березень!G13 -> 49.8 | H13: =березень!H13 -> 0 | I13: =березень!I13 -> 4.1 | J13: =ROUND(G13*I13,2) -> 204.18 | N13: =ROUND((G13*I13)-K13-L13-M13,2) -> 204.18 | P13: =IF(D13=0,IF((N13-E13-O13)>0,(N13-E13-O13),0),IF((D13+N13-O13)>0,(D13+N13-O13),0)) -> 30.8 | Q13: =IF(E13=0,IF((D13+N13-O13)<0,ABS(D13+N13-O13),0),IF((N13-E13-O13)<0,ABS(N13-E13-O13),0)) -> 0
A14: 7 | B14: =березень!B14 -> Старчикова О.М. | C14: =березень!C14 -> 1007 | D14: =березень!P14 -> 140.05 | E14: =березень!Q14 -> 0 | F14: =березень!F14 -> 0 | G14: =березень!G14 -> 34.65 | H14: =березень!H14 -> 0 | I14: =березень!I14 -> 4.1 | J14: =ROUND(G14*I14,2) -> 142.07 | N14: =ROUND((G14*I14)-K14-L14-M14,2) -> 142.07 | O14: 141 | P14: =IF(D14=0,IF((N14-E14-O14)>0,(N14-E14-O14),0),IF((D14+N14-O14)>0,(D14+N14-O14),0)) -> 141.12 | Q14: =IF(E14=0,IF((D14+N14-O14)<0,ABS(D14+N14-O14),0),IF((N14-E14-O14)<0,ABS(N14-E14-O14),0)) -> 0
A15: 8 | B15: =березень!B15 -> Безер Т.М | C15: =березень!C15 -> 1008 | D15: =березень!P15 -> 735.56 | E15: =березень!Q15 -> 0 | F15: =березень!F15 -> 0 | G15: =березень!G15 -> 62.14 | H15: =березень!H15 -> 0 | I15: =березень!I15 -> 4.1 | J15: =ROUND(G15*I15,2) -> 254.77 | N15: =ROUND((G15*I15)-K15-L15-M15,2) -> 254.77 | O15: 765 | P15: =IF(D15=0,IF((N15-E15-O15)>0,(N15-E15-O15),0),IF((D15+N15-O15)>0,(D15+N15-O15),0)) -> 225.33 | Q15: =IF(E15=0,IF((D15+N15-O15)<0,ABS(D15+N15-O15),0),IF((N15-E15-O15)<0,ABS(N15-E15-O15),0)) -> 0
A16: 9 | B16: =березень!B16 -> Решетило М.М | C16: =березень!C16 -> 1009 | D16: =березень!P16 -> 3707.44 | E16: =березень!Q16 -> 0 | F16: =березень!F16 -> 0 | G16: =березень!G16 -> 65.16 | H16: =березень!H16 -> 0 | I16: =березень!I16 -> 4.1 | J16: =ROUND(G16*I16,2) -> 267.16 | N16: =ROUND((G16*I16)-K16-L16-M16,2) -> 267.16 | O16: 2000 | P16: =IF(D16=0,IF((N16-E16-O16)>0,(N16-E16-O16),0),IF((D16+N16-O16)>0,(D16+N16-O16),0)) -> 1974.6 | Q16: =IF(E16=0,IF((D16+N16-O16)<0,ABS(D16+N16-O16),0),IF((N16-E16-O16)<0,ABS(N16-E16-O16),0)) -> 0
A17: 10 | B17: =березень!B17 -> Фесенко О.В. | C17: =березень!C17 -> 1010 | D17: =березень!P17 -> 2198.16 | E17: =березень!Q17 -> 0 | F17: =березень!F17 -> 0 | G17: =березень!G17 -> 50.1 | H17: =березень!H17 -> 0 | I17: =березень!I17 -> 4.1 | J17: =ROUND(G17*I17,2) -> 205.41 | N17: =ROUND((G17*I17)-K17-L17-M17,2) -> 205.41 | P17: =IF(D17=0,IF((N17-E17-O17)>0,(N17-E17-O17),0),IF((D17+N17-O17)>0,(D17+N17-O17),0)) -> 2403.57 | Q17: =IF(E17=0,IF((D17+N17-O17)<0,ABS(D17+N17-O17),0),IF((N17-E17-O17)<0,ABS(N17-E17-O17),0)) -> 0
A18: 11 | B18: =березень!B18 -> Петренко О.М. | C18: =березень!C18 -> 1011 | D18: =березень!P18 -> 1785.64 | E18: =березень!Q18 -> 0 | F18: =березень!F18 -> 0 | G18: =березень!G18 -> 35.2 | H18: =березень!H18 -> 0 | I18: =березень!I18 -> 4.1 | J18: =ROUND(G18*I18,2) -> 144.32 | N18: =ROUND((G18*I18)-K18-L18-M18,2) -> 144.32 | P18: =IF(D18=0,IF((N18-E18-O18)>0,(N18-E18-O18),0),IF((D18+N18-O18)>0,(D18+N18-O18),0)) -> 1929.96 | Q18: =IF(E18=0,IF((D18+N18-O18)<0,ABS(D18+N18-O18),0),IF((N18-E18-O18)<0,ABS(N18-E18-O18),0)) -> 0
A19: 12 | B19: =березень!B19 -> Зеленюк А.Д | C19: =березень!C19 -> 1012 | D19: =березень!P19 -> 3685.41 | E19: =березень!Q19 -> 0 | F19: =березень!F19 -> 0 | G19: =березень!G19 -> 62.78 | H19: =березень!H19 -> 0 | I19: =березень!I19 -> 4.1 | J19: =ROUND(G19*I19,2) -> 257.4 | N19: =ROUND((G19*I19)-K19-L19-M19,2) -> 257.4 | P19: =IF(D19=0,IF((N19-E19-O19)>0,(N19-E19-O19),0),IF((D19+N19-O19)>0,(D19+N19-O19),0)) -> 3942.81 | Q19: =IF(E19=0,IF((D19+N19-O19)<0,ABS(D19+N19-O19),0),IF((N19-E19-O19)<0,ABS(N19-E19-O19),0)) -> 0
A20: 13 | B20: =березень!B20 -> Вовк І.В | C20: =березень!C20 -> 1013 | D20: =березень!P20 -> 2484.09 | E20: =березень!Q20 -> 0 | F20: =березень!F20 -> 0 | G20: =березень!G20 -> 28.23 | H20: =березень!H20 -> 0 | I20: =березень!I20 -> 4.1 | J20: =ROUND(G20*I20,2) -> 115.74 | N20: =ROUND((G20*I20)-K20-L20-M20,2) -> 115.74 | P20: =IF(D20=0,IF((N20-E20-O20)>0,(N20-E20-O20),0),IF((D20+N20-O20)>0,(D20+N20-O20),0)) -> 2599.83 | Q20: =IF(E20=0,IF((D20+N20-O20)<0,ABS(D20+N20-O20),0),IF((N20-E20-O20)<0,ABS(N20-E20-O20),0)) -> 0
A21: 13 | B21: =березень!B21 -> Романовський В.М | C21: =березень!C21 -> 1013-а | D21: =березень!P21 -> 3723.32 | E21: =березень!Q21 -> 0 | F21: =березень!F21 -> 0 | G21: =березень!G21 -> 37.84 | H21: =березень!H21 -> 0 | I21: =березень!I21 -> 4.1 | J21: =ROUND(G21*I21,2) -> 155.14 | N21: =ROUND((G21*I21)-K21-L21-M21,2) -> 155.14 | P21: =IF(D21=0,IF((N21-E21-O21)>0,(N21-E21-O21),0),IF((D21+N21-O21)>0,(D21+N21-O21),0)) -> 3878.46 | Q21: =IF(E21=0,IF((D21+N21-O21)<0,ABS(D21+N21-O21),0),IF((N21-E21-O21)<0,ABS(N21-E21-O21),0)) -> 0
A22: 14 | B22: =березень!B22 -> Ряба Л.І | C22: =березень!C22 -> 1014 | D22: =березень!P22 -> 616.92 | E22: =березень!Q22 -> 0 | F22: =березень!F22 -> 0 | G22: =березень!G22 -> 49.24 | H22: =березень!H22 -> 0 | I22: =березень!I22 -> 4.1 | J22: =ROUND(G22*I22,2) -> 201.88 | N22: =ROUND((G22*I22)-K22-L22-M22,2) -> 201.88 | P22: =IF(D22=0,IF((N22-E22-O22)>0,(N22-E22-O22),0),IF((D22+N22-O22)>0,(D22+N22-O22),0)) -> 818.8 | Q22: =IF(E22=0,IF((D22+N22-O22)<0,ABS(D22+N22-O22),0),IF((N22-E22-O22)<0,ABS(N22-E22-O22),0)) -> 0
A23: 15 | B23: =березень!B23 -> Кас'янова О.А. | C23: =березень!C23 -> 1015 | D23: =березень!P23 -> 1340.77 | E23: =березень!Q23 -> 0 | F23: =березень!F23 -> 0 | G23: =березень!G23 -> 35.1 | H23: =березень!H23 -> 0 | I23: =березень!I23 -> 4.1 | J23: =ROUND(G23*I23,2) -> 143.91 | N23: =ROUND((G23*I23)-K23-L23-M23,2) -> 143.91 | P23: =IF(D23=0,IF((N23-E23-O23)>0,(N23-E23-O23),0),IF((D23+N23-O23)>0,(D23+N23-O23),0)) -> 1484.68 | Q23: =IF(E23=0,IF((D23+N23-O23)<0,ABS(D23+N23-O23),0),IF((N23-E23-O23)<0,ABS(N23-E23-O23),0)) -> 0
A24: 16 | B24: =березень!B24 -> Корякіна М.В. | C24: =березень!C24 -> 1016 | D24: =березень!P24 -> 2113.78 | E24: =березень!Q24 -> 0 | F24: =березень!F24 -> 0 | G24: =березень!G24 -> 61.9 | H24: =березень!H24 -> 0 | I24: =березень!I24 -> 4.1 | J24: =ROUND(G24*I24,2) -> 253.79 | N24: =ROUND((G24*I24)-K24-L24-M24,2) -> 253.79 | P24: =IF(D24=0,IF((N24-E24-O24)>0,(N24-E24-O24),0),IF((D24+N24-O24)>0,(D24+N24-O24),0)) -> 2367.57 | Q24: =IF(E24=0,IF((D24+N24-O24)<0,ABS(D24+N24-O24),0),IF((N24-E24-O24)<0,ABS(N24-E24-O24),0)) -> 0
A25: 17 | B25: =березень!B25 -> Сокерчак А.В. | C25: =березень!C25 -> 1017 | D25: =березень!P25 -> 0 | E25: =березень!Q25 -> 1.080025e-12 | F25: =березень!F25 -> 0 | G25: =березень!G25 -> 66.3 | H25: =березень!H25 -> 0 | I25: =березень!I25 -> 4.1 | J25: =ROUND(G25*I25,2) -> 271.83 | N25: =ROUND((G25*I25)-K25-L25-M25,2) -> 271.83 | P25: =IF(D25=0,IF((N25-E25-O25)>0,(N25-E25-O25),0),IF((D25+N25-O25)>0,(D25+N25-O25),0)) -> 271.83 | Q25: =IF(E25=0,IF((D25+N25-O25)<0,ABS(D25+N25-O25),0),IF((N25-E25-O25)<0,ABS(N25-E25-O25),0)) -> 0
A26: 18 | B26: =березень!B26 -> Кравченко В.А | C26: =березень!C26 -> 1018 | D26: =березень!P26 -> 0 | E26: =березень!Q26 -> 1195 | F26: =березень!F26 -> 0 | G26: =березень!G26 -> 51.48 | H26: =березень!H26 -> 0 | I26: =березень!I26 -> 4.1 | J26: =ROUND(G26*I26,2) -> 211.07 | N26: =ROUND((G26*I26)-K26-L26-M26,2) -> 211.07 | P26: =IF(D26=0,IF((N26-E26-O26)>0,(N26-E26-O26),0),IF((D26+N26-O26)>0,(D26+N26-O26),0)) -> 0 | Q26: =IF(E26=0,IF((D26+N26-O26)<0,ABS(D26+N26-O26),0),IF((N26-E26-O26)<0,ABS(N26-E26-O26),0)) -> 983.93
A27: 19 | B27: =березень!B27 -> Чичикало А.С | C27: =березень!C27 -> 1019 | D27: =березень!P27 -> 430.11 | E27: =березень!Q27 -> 0 | F27: =березень!F27 -> 0 | G27: =березень!G27 -> 35.1 | H27: =березень!H27 -> 0 | I27: =березень!I27 -> 4.1 | J27: =ROUND(G27*I27,2) -> 143.91 | N27: =ROUND((G27*I27)-K27-L27-M27,2) -> 143.91 | O27: 500 | P27: =IF(D27=0,IF((N27-E27-O27)>0,(N27-E27-O27),0),IF((D27+N27-O27)>0,(D27+N27-O27),0)) -> 74.02 | Q27: =IF(E27=0,IF((D27+N27-O27)<0,ABS(D27+N27-O27),0),IF((N27-E27-O27)<0,ABS(N27-E27-O27),0)) -> 0
A28: 20 | B28: =березень!B28 -> Сільващук А.А | C28: =березень!C28 -> 1020 | D28: =березень!P28 -> 0 | E28: =березень!Q28 -> 514.14 | F28: =березень!F28 -> 0 | G28: =березень!G28 -> 62.7 | H28: =березень!H28 -> 0 | I28: =березень!I28 -> 4.1 | J28: =ROUND(G28*I28,2) -> 257.07 | N28: =ROUND((G28*I28)-K28-L28-M28,2) -> 257.07 | P28: =IF(D28=0,IF((N28-E28-O28)>0,(N28-E28-O28),0),IF((D28+N28-O28)>0,(D28+N28-O28),0)) -> 0 | Q28: =IF(E28=0,IF((D28+N28-O28)<0,ABS(D28+N28-O28),0),IF((N28-E28-O28)<0,ABS(N28-E28-O28),0)) -> 257.07
A29: 21 | B29: =березень!B29 -> Стеценко Г.М | C29: =березень!C29 -> 1021 | D29: =березень!P29 -> 1707.16 | E29: =березень!Q29 -> 0 | F29: =березень!F29 -> 0 | G29: =березень!G29 -> 65.32 | H29: =березень!H29 -> 0 | I29: =березень!I29 -> 4.1 | J29: =ROUND(G29*I29,2) -> 267.81 | N29: =ROUND((G29*I29)-K29-L29-M29,2) -> 267.81 | O29: 300 | P29: =IF(D29=0,IF((N29-E29-O29)>0,(N29-E29-O29),0),IF((D29+N29-O29)>0,(D29+N29-O29),0)) -> 1674.97 | Q29: =IF(E29=0,IF((D29+N29-O29)<0,ABS(D29+N29-O29),0),IF((N29-E29-O29)<0,ABS(N29-E29-O29),0)) -> 0
A30: 22 | B30: =березень!B30 -> Кирдячкіна П.А | C30: =березень!C30 -> 1022 | D30: =березень!P30 -> 1111.47 | E30: =березень!Q30 -> 0 | F30: =березень!F30 -> 0 | G30: =березень!G30 -> 49.7 | H30: =березень!H30 -> 0 | I30: =березень!I30 -> 4.1 | J30: =ROUND(G30*I30,2) -> 203.77 | N30: =ROUND((G30*I30)-K30-L30-M30,2) -> 203.77 | P30: =IF(D30=0,IF((N30-E30-O30)>0,(N30-E30-O30),0),IF((D30+N30-O30)>0,(D30+N30-O30),0)) -> 1315.24 | Q30: =IF(E30=0,IF((D30+N30-O30)<0,ABS(D30+N30-O30),0),IF((N30-E30-O30)<0,ABS(N30-E30-O30),0)) -> 0
A31: 23 | B31: =березень!B31 -> Фоміченко Л.А | C31: =березень!C31 -> 1023 | D31: =березень!P31 -> 431.73 | E31: =березень!Q31 -> 0 | F31: =березень!F31 -> 0 | G31: =березень!G31 -> 35.1 | H31: =березень!H31 -> 0 | I31: =березень!I31 -> 4.1 | J31: =ROUND(G31*I31,2) -> 143.91 | N31: =ROUND((G31*I31)-K31-L31-M31,2) -> 143.91 | P31: =IF(D31=0,IF((N31-E31-O31)>0,(N31-E31-O31),0),IF((D31+N31-O31)>0,(D31+N31-O31),0)) -> 575.64 | Q31: =IF(E31=0,IF((D31+N31-O31)<0,ABS(D31+N31-O31),0),IF((N31-E31-O31)<0,ABS(N31-E31-O31),0)) -> 0
A32: 24 | B32: =березень!B32 -> Сердюк А.Г | C32: =березень!C32 -> 1024 | D32: =березень!P32 -> 1595.02 | E32: =березень!Q32 -> 0 | F32: =березень!F32 -> 0 | G32: =березень!G32 -> 62.31 | H32: =березень!H32 -> 0 | I32: =березень!I32 -> 4.1 | J32: =ROUND(G32*I32,2) -> 255.47 | N32: =ROUND((G32*I32)-K32-L32-M32,2) -> 255.47 | O32: 300 | P32: =IF(D32=0,IF((N32-E32-O32)>0,(N32-E32-O32),0),IF((D32+N32-O32)>0,(D32+N32-O32),0)) -> 1550.49 | Q32: =IF(E32=0,IF((D32+N32-O32)<0,ABS(D32+N32-O32),0),IF((N32-E32-O32)<0,ABS(N32-E32-O32),0)) -> 0
A33: 25 | B33: =березень!B33 -> Михальченко Г.М | C33: =березень!C33 -> 1025 | D33: =березень!P33 -> 3587.46 | E33: =березень!Q33 -> 0 | F33: =березень!F33 -> 0 | G33: =березень!G33 -> 65.04 | H33: =березень!H33 -> 0 | I33: =березень!I33 -> 4.1 | J33: =ROUND(G33*I33,2) -> 266.66 | N33: =ROUND((G33*I33)-K33-L33-M33,2) -> 266.66 | P33: =IF(D33=0,IF((N33-E33-O33)>0,(N33-E33-O33),0),IF((D33+N33-O33)>0,(D33+N33-O33),0)) -> 3854.12 | Q33: =IF(E33=0,IF((D33+N33-O33)<0,ABS(D33+N33-O33),0),IF((N33-E33-O33)<0,ABS(N33-E33-O33),0)) -> 0
A34: 26 | B34: =березень!B34 -> Замуховська Я.С | C34: =березень!C34 -> 1026 | D34: =березень!P34 -> 1649.51 | E34: =березень!Q34 -> 0 | F34: =березень!F34 -> 0 | G34: =березень!G34 -> 49.8 | H34: =березень!H34 -> 0 | I34: =березень!I34 -> 4.1 | J34: =ROUND(G34*I34,2) -> 204.18 | N34: =ROUND((G34*I34)-K34-L34-M34,2) -> 204.18 | P34: =IF(D34=0,IF((N34-E34-O34)>0,(N34-E34-O34),0),IF((D34+N34-O34)>0,(D34+N34-O34),0)) -> 1853.69 | Q34: =IF(E34=0,IF((D34+N34-O34)<0,ABS(D34+N34-O34),0),IF((N34-E34-O34)<0,ABS(N34-E34-O34),0)) -> 0
A35: 27 | B35: =березень!B35 -> Мержиєвська Г.К | C35: =березень!C35 -> 1027 | D35: =березень!P35 -> 551.5 | E35: =березень!Q35 -> 0 | F35: =березень!F35 -> 0 | G35: =березень!G35 -> 35.17 | H35: =березень!H35 -> 0 | I35: =березень!I35 -> 4.1 | J35: =ROUND(G35*I35,2) -> 144.2 | N35: =ROUND((G35*I35)-K35-L35-M35,2) -> 144.2 | O35: 300 | P35: =IF(D35=0,IF((N35-E35-O35)>0,(N35-E35-O35),0),IF((D35+N35-O35)>0,(D35+N35-O35),0)) -> 395.7 | Q35: =IF(E35=0,IF((D35+N35-O35)<0,ABS(D35+N35-O35),0),IF((N35-E35-O35)<0,ABS(N35-E35-O35),0)) -> 0
A36: 28 | B36: =березень!B36 -> Кулакова Л.В. | C36: =березень!C36 -> 1028 | D36: =березень!P36 -> 741.7 | E36: =березень!Q36 -> 0 | F36: =березень!F36 -> 0 | G36: =березень!G36 -> 62.47 | H36: =березень!H36 -> 0 | I36: =березень!I36 -> 4.1 | J36: =ROUND(G36*I36,2) -> 256.13 | N36: =ROUND((G36*I36)-K36-L36-M36,2) -> 256.13 | P36: =IF(D36=0,IF((N36-E36-O36)>0,(N36-E36-O36),0),IF((D36+N36-O36)>0,(D36+N36-O36),0)) -> 997.83 | Q36: =IF(E36=0,IF((D36+N36-O36)<0,ABS(D36+N36-O36),0),IF((N36-E36-O36)<0,ABS(N36-E36-O36),0)) -> 0
A37: 29 | B37: =березень!B37 -> Бочаров В.Л. | C37: =березень!C37 -> 1029 | D37: =березень!P37 -> 2287.38 | E37: =березень!Q37 -> 0 | F37: =березень!F37 -> 0 | G37: =березень!G37 -> 65.75 | H37: =березень!H37 -> 0 | I37: =березень!I37 -> 4.1 | J37: =ROUND(G37*I37,2) -> 269.58 | N37: =ROUND((G37*I37)-K37-L37-M37,2) -> 269.58 | P37: =IF(D37=0,IF((N37-E37-O37)>0,(N37-E37-O37),0),IF((D37+N37-O37)>0,(D37+N37-O37),0)) -> 2556.96 | Q37: =IF(E37=0,IF((D37+N37-O37)<0,ABS(D37+N37-O37),0),IF((N37-E37-O37)<0,ABS(N37-E37-O37),0)) -> 0
A38: 30 | B38: =березень!B38 -> Лучков В.Л. | C38: =березень!C38 -> 1030 | D38: =березень!P38 -> 2844.14 | E38: =березень!Q38 -> 0 | F38: =березень!F38 -> 0 | G38: =березень!G38 -> 49.7 | H38: =березень!H38 -> 0 | I38: =березень!I38 -> 4.1 | J38: =ROUND(G38*I38,2) -> 203.77 | N38: =ROUND((G38*I38)-K38-L38-M38,2) -> 203.77 | P38: =IF(D38=0,IF((N38-E38-O38)>0,(N38-E38-O38),0),IF((D38+N38-O38)>0,(D38+N38-O38),0)) -> 3047.91 | Q38: =IF(E38=0,IF((D38+N38-O38)<0,ABS(D38+N38-O38),0),IF((N38-E38-O38)<0,ABS(N38-E38-O38),0)) -> 0
A39: 31 | B39: =березень!B39 -> Кашкар Т.М. | C39: =березень!C39 -> 1031 | D39: =березень!P39 -> 0 | E39: =березень!Q39 -> 5.6843419e-14 | F39: =березень!F39 -> 0 | G39: =березень!G39 -> 35.1 | H39: =березень!H39 -> 0 | I39: =березень!I39 -> 4.1 | J39: =ROUND(G39*I39,2) -> 143.91 | N39: =ROUND((G39*I39)-K39-L39-M39,2) -> 143.91 | O39: 143.91 | P39: =IF(D39=0,IF((N39-E39-O39)>0,(N39-E39-O39),0),IF((D39+N39-O39)>0,(D39+N39-O39),0)) -> 0 | Q39: =IF(E39=0,IF((D39+N39-O39)<0,ABS(D39+N39-O39),0),IF((N39-E39-O39)<0,ABS(N39-E39-O39),0)) -> 0
A40: 32 | B40: =березень!B40 -> Стецюк Н.П. | C40: =березень!C40 -> 1032 | D40: =березень!P40 -> 2521.04 | E40: =березень!Q40 -> 0 | F40: =березень!F40 -> 0 | G40: =березень!G40 -> 61.9 | H40: =березень!H40 -> 0 | I40: =березень!I40 -> 4.1 | J40: =ROUND(G40*I40,2) -> 253.79 | N40: =ROUND((G40*I40)-K40-L40-M40,2) -> 253.79 | P40: =IF(D40=0,IF((N40-E40-O40)>0,(N40-E40-O40),0),IF((D40+N40-O40)>0,(D40+N40-O40),0)) -> 2774.83 | Q40: =IF(E40=0,IF((D40+N40-O40)<0,ABS(D40+N40-O40),0),IF((N40-E40-O40)<0,ABS(N40-E40-O40),0)) -> 0
A41: 33 | B41: =березень!B41 -> Маханько В.О. | C41: =березень!C41 -> 1033 | D41: =березень!P41 -> 1232.64 | E41: =березень!Q41 -> 0 | F41: =березень!F41 -> 0 | G41: =березень!G41 -> 65.53 | H41: =березень!H41 -> 0 | I41: =березень!I41 -> 4.1 | J41: =ROUND(G41*I41,2) -> 268.67 | L41: 268.67 | N41: =ROUND((G41*I41)-K41-L41-M41,2) -> 0 | P41: =IF(D41=0,IF((N41-E41-O41)>0,(N41-E41-O41),0),IF((D41+N41-O41)>0,(D41+N41-O41),0)) -> 1232.64 | Q41: =IF(E41=0,IF((D41+N41-O41)<0,ABS(D41+N41-O41),0),IF((N41-E41-O41)<0,ABS(N41-E41-O41),0)) -> 0
A42: 34 | B42: =березень!B42 -> Реуцька Р.С. | C42: =березень!C42 -> 1034 | D42: =березень!P42 -> 1537.05 | E42: =березень!Q42 -> 0 | F42: =березень!F42 -> 0 | G42: =березень!G42 -> 49.7 | H42: =березень!H42 -> 0 | I42: =березень!I42 -> 4.1 | J42: =ROUND(G42*I42,2) -> 203.77 | N42: =ROUND((G42*I42)-K42-L42-M42,2) -> 203.77 | P42: =IF(D42=0,IF((N42-E42-O42)>0,(N42-E42-O42),0),IF((D42+N42-O42)>0,(D42+N42-O42),0)) -> 1740.82 | Q42: =IF(E42=0,IF((D42+N42-O42)<0,ABS(D42+N42-O42),0),IF((N42-E42-O42)<0,ABS(N42-E42-O42),0)) -> 0
A43: 35 | B43: =березень!B43 -> Колесникова Р.Г. | C43: =березень!C43 -> 1035 | D43: =березень!P43 -> 728.03 | E43: =березень!Q43 -> 0 | F43: =березень!F43 -> 0 | G43: =березень!G43 -> 35.1 | H43: =березень!H43 -> 0 | I43: =березень!I43 -> 4.1 | J43: =ROUND(G43*I43,2) -> 143.91 | N43: =ROUND((G43*I43)-K43-L43-M43,2) -> 143.91 | P43: =IF(D43=0,IF((N43-E43-O43)>0,(N43-E43-O43),0),IF((D43+N43-O43)>0,(D43+N43-O43),0)) -> 871.94 | Q43: =IF(E43=0,IF((D43+N43-O43)<0,ABS(D43+N43-O43),0),IF((N43-E43-O43)<0,ABS(N43-E43-O43),0)) -> 0
A44: 36 | B44: =березень!B44 -> Кучеренко М.М. | C44: =березень!C44 -> 1036 | D44: =березень!P44 -> 3648.96 | E44: =березень!Q44 -> 0 | F44: =березень!F44 -> 0 | G44: =березень!G44 -> 61.88 | H44: =березень!H44 -> 0 | I44: =березень!I44 -> 4.1 | J44: =ROUND(G44*I44,2) -> 253.71 | N44: =ROUND((G44*I44)-K44-L44-M44,2) -> 253.71 | P44: =IF(D44=0,IF((N44-E44-O44)>0,(N44-E44-O44),0),IF((D44+N44-O44)>0,(D44+N44-O44),0)) -> 3902.67 | Q44: =IF(E44=0,IF((D44+N44-O44)<0,ABS(D44+N44-O44),0),IF((N44-E44-O44)<0,ABS(N44-E44-O44),0)) -> 0
A45: 37 | B45: =березень!B45 -> Гурова О.М. | C45: =березень!C45 -> 2037 | D45: =березень!P45 -> 193.61 | E45: =березень!Q45 -> 0 | F45: =березень!F45 -> 0 | G45: =березень!G45 -> 62.2 | H45: =березень!H45 -> 0 | I45: =березень!I45 -> 4.1 | J45: =ROUND(G45*I45,2) -> 255.02 | N45: =ROUND((G45*I45)-K45-L45-M45,2) -> 255.02 | P45: =IF(D45=0,IF((N45-E45-O45)>0,(N45-E45-O45),0),IF((D45+N45-O45)>0,(D45+N45-O45),0)) -> 448.63 | Q45: =IF(E45=0,IF((D45+N45-O45)<0,ABS(D45+N45-O45),0),IF((N45-E45-O45)<0,ABS(N45-E45-O45),0)) -> 0
A46: 38 | B46: =березень!B46 -> Федорова В.І. | C46: =березень!C46 -> 2038 | D46: =березень!P46 -> 0.27 | E46: =березень!Q46 -> 0 | F46: =березень!F46 -> 0 | G46: =березень!G46 -> 34.9 | H46: =березень!H46 -> 0 | I46: =березень!I46 -> 4.1 | J46: =ROUND(G46*I46,2) -> 143.09 | N46: =ROUND((G46*I46)-K46-L46-M46,2) -> 143.09 | P46: =IF(D46=0,IF((N46-E46-O46)>0,(N46-E46-O46),0),IF((D46+N46-O46)>0,(D46+N46-O46),0)) -> 143.36 | Q46: =IF(E46=0,IF((D46+N46-O46)<0,ABS(D46+N46-O46),0),IF((N46-E46-O46)<0,ABS(N46-E46-O46),0)) -> 0
A47: 39 | B47: =березень!B47 -> Лаптєв В.І. | C47: =березень!C47 -> 2039 | D47: =березень!P47 -> 200.08 | E47: =березень!Q47 -> 0 | F47: =березень!F47 -> 0 | G47: =березень!G47 -> 48.8 | H47: =березень!H47 -> 0 | I47: =березень!I47 -> 4.1 | J47: =ROUND(G47*I47,2) -> 200.08 | N47: =ROUND((G47*I47)-K47-L47-M47,2) -> 200.08 | O47: 200.1 | P47: =IF(D47=0,IF((N47-E47-O47)>0,(N47-E47-O47),0),IF((D47+N47-O47)>0,(D47+N47-O47),0)) -> 200.06 | Q47: =IF(E47=0,IF((D47+N47-O47)<0,ABS(D47+N47-O47),0),IF((N47-E47-O47)<0,ABS(N47-E47-O47),0)) -> 0
A48: 40 | B48: =березень!B48 -> Тимощук О.Є. | C48: =березень!C48 -> 2040 | D48: =березень!P48 -> 629.06 | E48: =березень!Q48 -> 0 | F48: =березень!F48 -> 0 | G48: =березень!G48 -> 57.3 | H48: =березень!H48 -> 0 | I48: =березень!I48 -> 4.1 | J48: =ROUND(G48*I48,2) -> 234.93 | N48: =ROUND((G48*I48)-K48-L48-M48,2) -> 234.93 | O48: 300 | P48: =IF(D48=0,IF((N48-E48-O48)>0,(N48-E48-O48),0),IF((D48+N48-O48)>0,(D48+N48-O48),0)) -> 563.99 | Q48: =IF(E48=0,IF((D48+N48-O48)<0,ABS(D48+N48-O48),0),IF((N48-E48-O48)<0,ABS(N48-E48-O48),0)) -> 0
A49: 41 | B49: =березень!B49 -> Котяш О.В. | C49: =березень!C49 -> 2041 | D49: =березень!P49 -> 2593.16 | E49: =березень!Q49 -> 0 | F49: =березень!F49 -> 0 | G49: =березень!G49 -> 63.3 | H49: =березень!H49 -> 0 | I49: =березень!I49 -> 4.1 | J49: =ROUND(G49*I49,2) -> 259.53 | N49: =ROUND((G49*I49)-K49-L49-M49,2) -> 259.53 | P49: =IF(D49=0,IF((N49-E49-O49)>0,(N49-E49-O49),0),IF((D49+N49-O49)>0,(D49+N49-O49),0)) -> 2852.69 | Q49: =IF(E49=0,IF((D49+N49-O49)<0,ABS(D49+N49-O49),0),IF((N49-E49-O49)<0,ABS(N49-E49-O49),0)) -> 0
A50: 42 | B50: =березень!B50 -> Токовило-Паращенко Л.П. | C50: =березень!C50 -> 2042 | D50: =березень!P50 -> 1470.24 | E50: =березень!Q50 -> 0 | F50: =березень!F50 -> 0 | G50: =березень!G50 -> 35.68 | H50: =березень!H50 -> 0 | I50: =березень!I50 -> 4.1 | J50: =ROUND(G50*I50,2) -> 146.29 | N50: =ROUND((G50*I50)-K50-L50-M50,2) -> 146.29 | P50: =IF(D50=0,IF((N50-E50-O50)>0,(N50-E50-O50),0),IF((D50+N50-O50)>0,(D50+N50-O50),0)) -> 1616.53 | Q50: =IF(E50=0,IF((D50+N50-O50)<0,ABS(D50+N50-O50),0),IF((N50-E50-O50)<0,ABS(N50-E50-O50),0)) -> 0
A51: 43 | B51: =березень!B51 -> Бєлая К.В. | C51: =березень!C51 -> 2043 | D51: =березень!P51 -> 1429.26 | E51: =березень!Q51 -> 0 | F51: =березень!F51 -> 0 | G51: =березень!G51 -> 49.8 | H51: =березень!H51 -> 0 | I51: =березень!I51 -> 4.1 | J51: =ROUND(G51*I51,2) -> 204.18 | N51: =ROUND((G51*I51)-K51-L51-M51,2) -> 204.18 | P51: =IF(D51=0,IF((N51-E51-O51)>0,(N51-E51-O51),0),IF((D51+N51-O51)>0,(D51+N51-O51),0)) -> 1633.44 | Q51: =IF(E51=0,IF((D51+N51-O51)<0,ABS(D51+N51-O51),0),IF((N51-E51-O51)<0,ABS(N51-E51-O51),0)) -> 0
A52: 44 | B52: =березень!B52 -> Стадник О.Ф. | C52: =березень!C52 -> 2044 | D52: =березень!P52 -> 3293.76 | E52: =березень!Q52 -> 0 | F52: =березень!F52 -> 0 | G52: =березень!G52 -> 65.9 | H52: =березень!H52 -> 0 | I52: =березень!I52 -> 4.1 | J52: =ROUND(G52*I52,2) -> 270.19 | N52: =ROUND((G52*I52)-K52-L52-M52,2) -> 270.19 | P52: =IF(D52=0,IF((N52-E52-O52)>0,(N52-E52-O52),0),IF((D52+N52-O52)>0,(D52+N52-O52),0)) -> 3563.95 | Q52: =IF(E52=0,IF((D52+N52-O52)<0,ABS(D52+N52-O52),0),IF((N52-E52-O52)<0,ABS(N52-E52-O52),0)) -> 0
A53: 45 | B53: =березень!B53 -> Ляшенко В.М. | C53: =березень!C53 -> 2045 | D53: =березень!P53 -> 762.6 | E53: =березень!Q53 -> 0 | F53: =березень!F53 -> 0 | G53: =березень!G53 -> 62 | H53: =березень!H53 -> 0 | I53: =березень!I53 -> 4.1 | J53: =ROUND(G53*I53,2) -> 254.2 | N53: =ROUND((G53*I53)-K53-L53-M53,2) -> 254.2 | O53: 762.6 | P53: =IF(D53=0,IF((N53-E53-O53)>0,(N53-E53-O53),0),IF((D53+N53-O53)>0,(D53+N53-O53),0)) -> 254.2 | Q53: =IF(E53=0,IF((D53+N53-O53)<0,ABS(D53+N53-O53),0),IF((N53-E53-O53)<0,ABS(N53-E53-O53),0)) -> 0
A54: 46 | B54: =березень!B54 -> Смоленська Т.О. | C54: =березень!C54 -> 2046 | D54: =березень!P54 -> 1431.73 | E54: =березень!Q54 -> 0 | F54: =березень!F54 -> 0 | G54: =березень!G54 -> 35.1 | H54: =березень!H54 -> 0 | I54: =березень!I54 -> 4.1 | J54: =ROUND(G54*I54,2) -> 143.91 | N54: =ROUND((G54*I54)-K54-L54-M54,2) -> 143.91 | P54: =IF(D54=0,IF((N54-E54-O54)>0,(N54-E54-O54),0),IF((D54+N54-O54)>0,(D54+N54-O54),0)) -> 1575.64 | Q54: =IF(E54=0,IF((D54+N54-O54)<0,ABS(D54+N54-O54),0),IF((N54-E54-O54)<0,ABS(N54-E54-O54),0)) -> 0
A55: 47 | B55: =березень!B55 -> Дудка І.В. | C55: =березень!C55 -> 2047 | D55: =березень!P55 -> 625.96 | E55: =березень!Q55 -> 0 | F55: =березень!F55 -> 0 | G55: =березень!G55 -> 49.6 | H55: =березень!H55 -> 0 | I55: =березень!I55 -> 4.1 | J55: =ROUND(G55*I55,2) -> 203.36 | N55: =ROUND((G55*I55)-K55-L55-M55,2) -> 203.36 | O55: 829.32 | P55: =IF(D55=0,IF((N55-E55-O55)>0,(N55-E55-O55),0),IF((D55+N55-O55)>0,(D55+N55-O55),0)) -> 0 | Q55: =IF(E55=0,IF((D55+N55-O55)<0,ABS(D55+N55-O55),0),IF((N55-E55-O55)<0,ABS(N55-E55-O55),0)) -> 0
A56: 48 | B56: =березень!B56 -> Буланова Л.І. | C56: =березень!C56 -> 2048 | D56: =березень!P56 -> 272.4 | E56: =березень!Q56 -> 0 | F56: =березень!F56 -> 0 | G56: =березень!G56 -> 66.44 | H56: =березень!H56 -> 0 | I56: =березень!I56 -> 4.1 | J56: =ROUND(G56*I56,2) -> 272.4 | N56: =ROUND((G56*I56)-K56-L56-M56,2) -> 272.4 | P56: =IF(D56=0,IF((N56-E56-O56)>0,(N56-E56-O56),0),IF((D56+N56-O56)>0,(D56+N56-O56),0)) -> 544.8 | Q56: =IF(E56=0,IF((D56+N56-O56)<0,ABS(D56+N56-O56),0),IF((N56-E56-O56)<0,ABS(N56-E56-O56),0)) -> 0
A57: 49 | B57: =березень!B57 -> Шалімова О.О. | C57: =березень!C57 -> 2049 | D57: =березень!P57 -> 2524.1 | E57: =березень!Q57 -> 0 | F57: =березень!F57 -> 0 | G57: =березень!G57 -> 62.1 | H57: =березень!H57 -> 0 | I57: =березень!I57 -> 4.1 | J57: =ROUND(G57*I57,2) -> 254.61 | N57: =ROUND((G57*I57)-K57-L57-M57,2) -> 254.61 | P57: =IF(D57=0,IF((N57-E57-O57)>0,(N57-E57-O57),0),IF((D57+N57-O57)>0,(D57+N57-O57),0)) -> 2778.71 | Q57: =IF(E57=0,IF((D57+N57-O57)<0,ABS(D57+N57-O57),0),IF((N57-E57-O57)<0,ABS(N57-E57-O57),0)) -> 0
A58: 50 | B58: =березень!B58 -> Андросик О.О. | C58: =березень!C58 -> 2050 | D58: =березень!P58 -> 429.27 | E58: =березень!Q58 -> 0 | F58: =березень!F58 -> 0 | G58: =березень!G58 -> 34.9 | H58: =березень!H58 -> 0 | I58: =березень!I58 -> 4.1 | J58: =ROUND(G58*I58,2) -> 143.09 | N58: =ROUND((G58*I58)-K58-L58-M58,2) -> 143.09 | P58: =IF(D58=0,IF((N58-E58-O58)>0,(N58-E58-O58),0),IF((D58+N58-O58)>0,(D58+N58-O58),0)) -> 572.36 | Q58: =IF(E58=0,IF((D58+N58-O58)<0,ABS(D58+N58-O58),0),IF((N58-E58-O58)<0,ABS(N58-E58-O58),0)) -> 0
A59: 51 | B59: =березень!B59 -> Токар Є.А. | C59: =березень!C59 -> 2051 | D59: =березень!P59 -> 2163.55 | E59: =березень!Q59 -> 0 | F59: =березень!F59 -> 0 | G59: =березень!G59 -> 49.22 | H59: =березень!H59 -> 0 | I59: =березень!I59 -> 4.1 | J59: =ROUND(G59*I59,2) -> 201.8 | N59: =ROUND((G59*I59)-K59-L59-M59,2) -> 201.8 | P59: =IF(D59=0,IF((N59-E59-O59)>0,(N59-E59-O59),0),IF((D59+N59-O59)>0,(D59+N59-O59),0)) -> 2365.35 | Q59: =IF(E59=0,IF((D59+N59-O59)<0,ABS(D59+N59-O59),0),IF((N59-E59-O59)<0,ABS(N59-E59-O59),0)) -> 0
A60: 52 | B60: =березень!B60 -> Констанчук І.В. | C60: =березень!C60 -> 2052 | D60: =березень!P60 -> 2650.06 | E60: =березень!Q60 -> 0 | F60: =березень!F60 -> 0 | G60: =березень!G60 -> 65.5 | H60: =березень!H60 -> 0 | I60: =березень!I60 -> 4.1 | J60: =ROUND(G60*I60,2) -> 268.55 | N60: =ROUND((G60*I60)-K60-L60-M60,2) -> 268.55 | P60: =IF(D60=0,IF((N60-E60-O60)>0,(N60-E60-O60),0),IF((D60+N60-O60)>0,(D60+N60-O60),0)) -> 2918.61 | Q60: =IF(E60=0,IF((D60+N60-O60)<0,ABS(D60+N60-O60),0),IF((N60-E60-O60)<0,ABS(N60-E60-O60),0)) -> 0
A61: 53 | B61: =березень!B61 -> Гончаров В.В. | C61: =березень!C61 -> 2053 | D61: =березень!P61 -> 672.98 | E61: =березень!Q61 -> 0 | F61: =березень!F61 -> 0 | G61: =березень!G61 -> 62.64 | H61: =березень!H61 -> 0 | I61: =березень!I61 -> 4.1 | J61: =ROUND(G61*I61,2) -> 256.82 | N61: =ROUND((G61*I61)-K61-L61-M61,2) -> 256.82 | P61: =IF(D61=0,IF((N61-E61-O61)>0,(N61-E61-O61),0),IF((D61+N61-O61)>0,(D61+N61-O61),0)) -> 929.8 | Q61: =IF(E61=0,IF((D61+N61-O61)<0,ABS(D61+N61-O61),0),IF((N61-E61-O61)<0,ABS(N61-E61-O61),0)) -> 0
A62: 54 | B62: =березень!B62 -> Ляхомський В.О. | C62: =березень!C62 -> 2054 | D62: =березень!P62 -> 290.66 | E62: =березень!Q62 -> 0 | F62: =березень!F62 -> 0 | G62: =березень!G62 -> 34.9 | H62: =березень!H62 -> 0 | I62: =березень!I62 -> 4.1 | J62: =ROUND(G62*I62,2) -> 143.09 | N62: =ROUND((G62*I62)-K62-L62-M62,2) -> 143.09 | P62: =IF(D62=0,IF((N62-E62-O62)>0,(N62-E62-O62),0),IF((D62+N62-O62)>0,(D62+N62-O62),0)) -> 433.75 | Q62: =IF(E62=0,IF((D62+N62-O62)<0,ABS(D62+N62-O62),0),IF((N62-E62-O62)<0,ABS(N62-E62-O62),0)) -> 0
A63: 55 | B63: =березень!B63 -> Крамаренко В.П. | C63: =березень!C63 -> 2055 | D63: =березень!P63 -> 2048.36 | E63: =березень!Q63 -> 0 | F63: =березень!F63 -> 0 | G63: =березень!G63 -> 49.79 | H63: =березень!H63 -> 0 | I63: =березень!I63 -> 4.1 | J63: =ROUND(G63*I63,2) -> 204.14 | N63: =ROUND((G63*I63)-K63-L63-M63,2) -> 204.14 | P63: =IF(D63=0,IF((N63-E63-O63)>0,(N63-E63-O63),0),IF((D63+N63-O63)>0,(D63+N63-O63),0)) -> 2252.5 | Q63: =IF(E63=0,IF((D63+N63-O63)<0,ABS(D63+N63-O63),0),IF((N63-E63-O63)<0,ABS(N63-E63-O63),0)) -> 0
A64: 56 | B64: =березень!B64 -> Родзик С.Г. | C64: =березень!C64 -> 2056 | D64: =березень!P64 -> 1553.61 | E64: =березень!Q64 -> 0 | F64: =березень!F64 -> 0 | G64: =березень!G64 -> 65.2 | H64: =березень!H64 -> 0 | I64: =березень!I64 -> 4.1 | J64: =ROUND(G64*I64,2) -> 267.32 | N64: =ROUND((G64*I64)-K64-L64-M64,2) -> 267.32 | O64: 1600 | P64: =IF(D64=0,IF((N64-E64-O64)>0,(N64-E64-O64),0),IF((D64+N64-O64)>0,(D64+N64-O64),0)) -> 220.93 | Q64: =IF(E64=0,IF((D64+N64-O64)<0,ABS(D64+N64-O64),0),IF((N64-E64-O64)<0,ABS(N64-E64-O64),0)) -> 0
A65: 57 | B65: =березень!B65 -> Никоненко Н.С. | C65: =березень!C65 -> 2057 | D65: =березень!P65 -> 1670.59 | E65: =березень!Q65 -> 0 | F65: =березень!F65 -> 0 | G65: =березень!G65 -> 61.88 | H65: =березень!H65 -> 0 | I65: =березень!I65 -> 4.1 | J65: =ROUND(G65*I65,2) -> 253.71 | N65: =ROUND((G65*I65)-K65-L65-M65,2) -> 253.71 | P65: =IF(D65=0,IF((N65-E65-O65)>0,(N65-E65-O65),0),IF((D65+N65-O65)>0,(D65+N65-O65),0)) -> 1924.3 | Q65: =IF(E65=0,IF((D65+N65-O65)<0,ABS(D65+N65-O65),0),IF((N65-E65-O65)<0,ABS(N65-E65-O65),0)) -> 0
A66: 58 | B66: =березень!B66 -> Чепок О.В. | C66: =березень!C66 -> 2058 | D66: =березень!P66 -> 3048.41 | E66: =березень!Q66 -> 0 | F66: =березень!F66 -> 0 | G66: =березень!G66 -> 35 | H66: =березень!H66 -> 0 | I66: =березень!I66 -> 4.1 | J66: =ROUND(G66*I66,2) -> 143.5 | N66: =ROUND((G66*I66)-K66-L66-M66,2) -> 143.5 | P66: =IF(D66=0,IF((N66-E66-O66)>0,(N66-E66-O66),0),IF((D66+N66-O66)>0,(D66+N66-O66),0)) -> 3191.91 | Q66: =IF(E66=0,IF((D66+N66-O66)<0,ABS(D66+N66-O66),0),IF((N66-E66-O66)<0,ABS(N66-E66-O66),0)) -> 0
A67: 59 | B67: =березень!B67 -> Горошенко Л.С. | C67: =березень!C67 -> 2059 | D67: =березень!P67 -> 0 | E67: =березень!Q67 -> 1072.24 | F67: =березень!F67 -> 0 | G67: =березень!G67 -> 49.3 | H67: =березень!H67 -> 0 | I67: =березень!I67 -> 4.1 | J67: =ROUND(G67*I67,2) -> 202.13 | N67: =ROUND((G67*I67)-K67-L67-M67,2) -> 202.13 | O67: 500 | P67: =IF(D67=0,IF((N67-E67-O67)>0,(N67-E67-O67),0),IF((D67+N67-O67)>0,(D67+N67-O67),0)) -> 0 | Q67: =IF(E67=0,IF((D67+N67-O67)<0,ABS(D67+N67-O67),0),IF((N67-E67-O67)<0,ABS(N67-E67-O67),0)) -> 1370.11
A68: 60 | B68: =березень!B68 -> Неграчева Л.Г. | C68: =березень!C68 -> 2060 | D68: =березень!P68 -> 2009.96 | E68: =березень!Q68 -> 0 | F68: =березень!F68 -> 0 | G68: =березень!G68 -> 66.6 | H68: =березень!H68 -> 0 | I68: =березень!I68 -> 4.1 | J68: =ROUND(G68*I68,2) -> 273.06 | N68: =ROUND((G68*I68)-K68-L68-M68,2) -> 273.06 | O68: =300+800+800 -> 1900 | P68: =IF(D68=0,IF((N68-E68-O68)>0,(N68-E68-O68),0),IF((D68+N68-O68)>0,(D68+N68-O68),0)) -> 383.02 | Q68: =IF(E68=0,IF((D68+N68-O68)<0,ABS(D68+N68-O68),0),IF((N68-E68-O68)<0,ABS(N68-E68-O68),0)) -> 0
A69: 61 | B69: =березень!B69 -> Брежнєв О.В. | C69: =березень!C69 -> 2061 | D69: =березень!P69 -> 4031.81 | E69: =березень!Q69 -> 0 | F69: =березень!F69 -> 0 | G69: =березень!G69 -> 61.88 | H69: =березень!H69 -> 0 | I69: =березень!I69 -> 4.1 | J69: =ROUND(G69*I69,2) -> 253.71 | N69: =ROUND((G69*I69)-K69-L69-M69,2) -> 253.71 | P69: =IF(D69=0,IF((N69-E69-O69)>0,(N69-E69-O69),0),IF((D69+N69-O69)>0,(D69+N69-O69),0)) -> 4285.52 | Q69: =IF(E69=0,IF((D69+N69-O69)<0,ABS(D69+N69-O69),0),IF((N69-E69-O69)<0,ABS(N69-E69-O69),0)) -> 0
A70: 62 | B70: =березень!B70 -> Горбатюк К.О. | C70: =березень!C70 -> 2062 | D70: =березень!P70 -> 1277.1 | E70: =березень!Q70 -> 0 | F70: =березень!F70 -> 0 | G70: =березень!G70 -> 34.96 | H70: =березень!H70 -> 0 | I70: =березень!I70 -> 4.1 | J70: =ROUND(G70*I70,2) -> 143.34 | N70: =ROUND((G70*I70)-K70-L70-M70,2) -> 143.34 | P70: =IF(D70=0,IF((N70-E70-O70)>0,(N70-E70-O70),0),IF((D70+N70-O70)>0,(D70+N70-O70),0)) -> 1420.44 | Q70: =IF(E70=0,IF((D70+N70-O70)<0,ABS(D70+N70-O70),0),IF((N70-E70-O70)<0,ABS(N70-E70-O70),0)) -> 0
A71: 63 | B71: =березень!B71 -> Божик М.О. | C71: =березень!C71 -> 2063 | D71: =березень!P71 -> 1603.36 | E71: =березень!Q71 -> 0 | F71: =березень!F71 -> 0 | G71: =березень!G71 -> 50.03 | H71: =березень!H71 -> 0 | I71: =березень!I71 -> 4.1 | J71: =ROUND(G71*I71,2) -> 205.12 | N71: =ROUND((G71*I71)-K71-L71-M71,2) -> 205.12 | O71: 1000 | P71: =IF(D71=0,IF((N71-E71-O71)>0,(N71-E71-O71),0),IF((D71+N71-O71)>0,(D71+N71-O71),0)) -> 808.48 | Q71: =IF(E71=0,IF((D71+N71-O71)<0,ABS(D71+N71-O71),0),IF((N71-E71-O71)<0,ABS(N71-E71-O71),0)) -> 0
A72: 64 | B72: =березень!B72 -> Зайченко С.Л | C72: =березень!C72 -> 2064 | D72: =березень!P72 -> 3710.01 | E72: =березень!Q72 -> 0 | F72: =березень!F72 -> 0 | G72: =березень!G72 -> 65.15 | H72: =березень!H72 -> 0 | I72: =березень!I72 -> 4.1 | J72: =ROUND(G72*I72,2) -> 267.12 | N72: =ROUND((G72*I72)-K72-L72-M72,2) -> 267.12 | P72: =IF(D72=0,IF((N72-E72-O72)>0,(N72-E72-O72),0),IF((D72+N72-O72)>0,(D72+N72-O72),0)) -> 3977.13 | Q72: =IF(E72=0,IF((D72+N72-O72)<0,ABS(D72+N72-O72),0),IF((N72-E72-O72)<0,ABS(N72-E72-O72),0)) -> 0
A73: 65 | B73: =березень!B73 -> Бессараб Н.Г. | C73: =березень!C73 -> 2065 | D73: =березень!P73 -> 168.63 | E73: =березень!Q73 -> 0 | F73: =березень!F73 -> 0 | G73: =березень!G73 -> 63.41 | H73: =березень!H73 -> 0 | I73: =березень!I73 -> 4.1 | J73: =ROUND(G73*I73,2) -> 259.98 | N73: =ROUND((G73*I73)-K73-L73-M73,2) -> 259.98 | O73: =300+300 -> 600 | P73: =IF(D73=0,IF((N73-E73-O73)>0,(N73-E73-O73),0),IF((D73+N73-O73)>0,(D73+N73-O73),0)) -> 0 | Q73: =IF(E73=0,IF((D73+N73-O73)<0,ABS(D73+N73-O73),0),IF((N73-E73-O73)<0,ABS(N73-E73-O73),0)) -> 171.39
A74: 66 | B74: =березень!B74 -> Прохорова С.І. | C74: =березень!C74 -> 2066 | D74: =березень!P74 -> 1806.83 | E74: =березень!Q74 -> 0 | F74: =березень!F74 -> 0 | G74: =березень!G74 -> 35.19 | H74: =березень!H74 -> 0 | I74: =березень!I74 -> 4.1 | J74: =ROUND(G74*I74,2) -> 144.28 | N74: =ROUND((G74*I74)-K74-L74-M74,2) -> 144.28 | P74: =IF(D74=0,IF((N74-E74-O74)>0,(N74-E74-O74),0),IF((D74+N74-O74)>0,(D74+N74-O74),0)) -> 1951.11 | Q74: =IF(E74=0,IF((D74+N74-O74)<0,ABS(D74+N74-O74),0),IF((N74-E74-O74)<0,ABS(N74-E74-O74),0)) -> 0
A75: 67 | B75: =березень!B75 -> Браташ А.Ф. | C75: =березень!C75 -> 2067 | D75: =березень!P75 -> 3130.92 | E75: =березень!Q75 -> 0 | F75: =березень!F75 -> 0 | G75: =березень!G75 -> 49.89 | H75: =березень!H75 -> 0 | I75: =березень!I75 -> 4.1 | J75: =ROUND(G75*I75,2) -> 204.55 | N75: =ROUND((G75*I75)-K75-L75-M75,2) -> 204.55 | P75: =IF(D75=0,IF((N75-E75-O75)>0,(N75-E75-O75),0),IF((D75+N75-O75)>0,(D75+N75-O75),0)) -> 3335.47 | Q75: =IF(E75=0,IF((D75+N75-O75)<0,ABS(D75+N75-O75),0),IF((N75-E75-O75)<0,ABS(N75-E75-O75),0)) -> 0
A76: 68 | B76: =березень!B76 -> Кудас Д.О. | C76: =березень!C76 -> 2068 | D76: =березень!P76 -> 240.02 | E76: =березень!Q76 -> 0 | F76: =березень!F76 -> 0 | G76: =березень!G76 -> 65.03 | H76: =березень!H76 -> 0 | I76: =березень!I76 -> 4.1 | J76: =ROUND(G76*I76,2) -> 266.62 | L76: 266.62 | N76: =ROUND((G76*I76)-K76-L76-M76,2) -> 0 | O76: 509 | P76: =IF(D76=0,IF((N76-E76-O76)>0,(N76-E76-O76),0),IF((D76+N76-O76)>0,(D76+N76-O76),0)) -> 0 | Q76: =IF(E76=0,IF((D76+N76-O76)<0,ABS(D76+N76-O76),0),IF((N76-E76-O76)<0,ABS(N76-E76-O76),0)) -> 268.98
A77: 69 | B77: =березень!B77 -> Шушлєбін Б.В. | C77: =березень!C77 -> 2069 | D77: =березень!P77 -> 720.56 | E77: =березень!Q77 -> 0 | F77: =березень!F77 -> 0 | G77: =березень!G77 -> 62.11 | H77: =березень!H77 -> 0 | I77: =березень!I77 -> 4.1 | J77: =ROUND(G77*I77,2) -> 254.65 | N77: =ROUND((G77*I77)-K77-L77-M77,2) -> 254.65 | P77: =IF(D77=0,IF((N77-E77-O77)>0,(N77-E77-O77),0),IF((D77+N77-O77)>0,(D77+N77-O77),0)) -> 975.21 | Q77: =IF(E77=0,IF((D77+N77-O77)<0,ABS(D77+N77-O77),0),IF((N77-E77-O77)<0,ABS(N77-E77-O77),0)) -> 0
A78: 70 | B78: =березень!B78 -> Бородіна І.О. | C78: =березень!C78 -> 2070 | D78: =березень!P78 -> 2044.02 | E78: =березень!Q78 -> 0 | F78: =березень!F78 -> 0 | G78: =березень!G78 -> 34.9 | H78: =березень!H78 -> 0 | I78: =березень!I78 -> 4.1 | J78: =ROUND(G78*I78,2) -> 143.09 | N78: =ROUND((G78*I78)-K78-L78-M78,2) -> 143.09 | P78: =IF(D78=0,IF((N78-E78-O78)>0,(N78-E78-O78),0),IF((D78+N78-O78)>0,(D78+N78-O78),0)) -> 2187.11 | Q78: =IF(E78=0,IF((D78+N78-O78)<0,ABS(D78+N78-O78),0),IF((N78-E78-O78)<0,ABS(N78-E78-O78),0)) -> 0
A79: 71 | B79: =березень!B79 -> Котурга Л.Й. | C79: =березень!C79 -> 2071 | D79: =березень!P79 -> 1045.34 | E79: =березень!Q79 -> 0 | F79: =березень!F79 -> 0 | G79: =березень!G79 -> 49.2 | H79: =березень!H79 -> 0 | I79: =березень!I79 -> 4.1 | J79: =ROUND(G79*I79,2) -> 201.72 | N79: =ROUND((G79*I79)-K79-L79-M79,2) -> 201.72 | P79: =IF(D79=0,IF((N79-E79-O79)>0,(N79-E79-O79),0),IF((D79+N79-O79)>0,(D79+N79-O79),0)) -> 1247.06 | Q79: =IF(E79=0,IF((D79+N79-O79)<0,ABS(D79+N79-O79),0),IF((N79-E79-O79)<0,ABS(N79-E79-O79),0)) -> 0
A80: 72 | B80: =березень!B80 -> Горова О.І. | C80: =березень!C80 -> 2072 | D80: =березень!P80 -> 2481.25 | E80: =березень!Q80 -> 0 | F80: =березень!F80 -> 0 | G80: =березень!G80 -> 65.43 | H80: =березень!H80 -> 0 | I80: =березень!I80 -> 4.1 | J80: =ROUND(G80*I80,2) -> 268.26 | N80: =ROUND((G80*I80)-K80-L80-M80,2) -> 268.26 | P80: =IF(D80=0,IF((N80-E80-O80)>0,(N80-E80-O80),0),IF((D80+N80-O80)>0,(D80+N80-O80),0)) -> 2749.51 | Q80: =IF(E80=0,IF((D80+N80-O80)<0,ABS(D80+N80-O80),0),IF((N80-E80-O80)<0,ABS(N80-E80-O80),0)) -> 0
A81: 73 | B81: =березень!B81 -> Рибакевич М.П. | C81: =березень!C81 -> 3073 | D81: =березень!P81 -> 3445.45 | E81: =березень!Q81 -> 0 | F81: =березень!F81 -> 0 | G81: =березень!G81 -> 64.5 | H81: =березень!H81 -> 0 | I81: =березень!I81 -> 4.1 | J81: =ROUND(G81*I81,2) -> 264.45 | N81: =ROUND((G81*I81)-K81-L81-M81,2) -> 264.45 | P81: =IF(D81=0,IF((N81-E81-O81)>0,(N81-E81-O81),0),IF((D81+N81-O81)>0,(D81+N81-O81),0)) -> 3709.9 | Q81: =IF(E81=0,IF((D81+N81-O81)<0,ABS(D81+N81-O81),0),IF((N81-E81-O81)<0,ABS(N81-E81-O81),0)) -> 0
A82: 74 | B82: =березень!B82 -> Башкалов В.В. | C82: =березень!C82 -> 3074 | D82: =березень!P82 -> 68.11 | E82: =березень!Q82 -> 0 | F82: =березень!F82 -> 0 | G82: =березень!G82 -> 50.8 | H82: =березень!H82 -> 0 | I82: =березень!I82 -> 4.1 | J82: =ROUND(G82*I82,2) -> 208.28 | L82: 208.27 | N82: =ROUND((G82*I82)-K82-L82-M82,2) -> 0.01 | P82: =IF(D82=0,IF((N82-E82-O82)>0,(N82-E82-O82),0),IF((D82+N82-O82)>0,(D82+N82-O82),0)) -> 68.12 | Q82: =IF(E82=0,IF((D82+N82-O82)<0,ABS(D82+N82-O82),0),IF((N82-E82-O82)<0,ABS(N82-E82-O82),0)) -> 0
A83: 75 | B83: =березень!B83 -> Тіхенко Г.Д. | C83: =березень!C83 -> 3075 | D83: =березень!P83 -> 1595.54 | E83: =березень!Q83 -> 0 | F83: =березень!F83 -> 0 | G83: =березень!G83 -> 34.9 | H83: =березень!H83 -> 0 | I83: =березень!I83 -> 4.1 | J83: =ROUND(G83*I83,2) -> 143.09 | N83: =ROUND((G83*I83)-K83-L83-M83,2) -> 143.09 | P83: =IF(D83=0,IF((N83-E83-O83)>0,(N83-E83-O83),0),IF((D83+N83-O83)>0,(D83+N83-O83),0)) -> 1738.63 | Q83: =IF(E83=0,IF((D83+N83-O83)<0,ABS(D83+N83-O83),0),IF((N83-E83-O83)<0,ABS(N83-E83-O83),0)) -> 0
A84: 76 | B84: =березень!B84 -> Головченко В.Г. | C84: =березень!C84 -> 3076 | D84: =березень!P84 -> 1447.88 | E84: =березень!Q84 -> 0 | F84: =березень!F84 -> 0 | G84: =березень!G84 -> 61 | H84: =березень!H84 -> 0 | I84: =березень!I84 -> 4.1 | J84: =ROUND(G84*I84,2) -> 250.1 | N84: =ROUND((G84*I84)-K84-L84-M84,2) -> 250.1 | O84: 750 | P84: =IF(D84=0,IF((N84-E84-O84)>0,(N84-E84-O84),0),IF((D84+N84-O84)>0,(D84+N84-O84),0)) -> 947.98 | Q84: =IF(E84=0,IF((D84+N84-O84)<0,ABS(D84+N84-O84),0),IF((N84-E84-O84)<0,ABS(N84-E84-O84),0)) -> 0
A85: 77 | B85: =березень!B85 -> Семанішина Є.С. | C85: =березень!C85 -> 3077 | D85: =березень!P85 -> 2372.8 | E85: =березень!Q85 -> 0 | F85: =березень!F85 -> 0 | G85: =березень!G85 -> 64.5 | H85: =березень!H85 -> 0 | I85: =березень!I85 -> 4.1 | J85: =ROUND(G85*I85,2) -> 264.45 | N85: =ROUND((G85*I85)-K85-L85-M85,2) -> 264.45 | P85: =IF(D85=0,IF((N85-E85-O85)>0,(N85-E85-O85),0),IF((D85+N85-O85)>0,(D85+N85-O85),0)) -> 2637.25 | Q85: =IF(E85=0,IF((D85+N85-O85)<0,ABS(D85+N85-O85),0),IF((N85-E85-O85)<0,ABS(N85-E85-O85),0)) -> 0
A86: 78 | B86: =березень!B86 -> Зінченко Ю.В. | C86: =березень!C86 -> 3078 | D86: =березень!P86 -> 780.22 | E86: =березень!Q86 -> 0 | F86: =березень!F86 -> 0 | G86: =березень!G86 -> 49.3 | H86: =березень!H86 -> 0 | I86: =березень!I86 -> 4.1 | J86: =ROUND(G86*I86,2) -> 202.13 | N86: =ROUND((G86*I86)-K86-L86-M86,2) -> 202.13 | O86: =500+280.22 -> 780.22 | P86: =IF(D86=0,IF((N86-E86-O86)>0,(N86-E86-O86),0),IF((D86+N86-O86)>0,(D86+N86-O86),0)) -> 202.13 | Q86: =IF(E86=0,IF((D86+N86-O86)<0,ABS(D86+N86-O86),0),IF((N86-E86-O86)<0,ABS(N86-E86-O86),0)) -> 0
A87: 79 | B87: =березень!B87 -> Рилова Г.П. | C87: =березень!C87 -> 3079 | D87: =березень!P87 -> 0 | E87: =березень!Q87 -> 2.1 | F87: =березень!F87 -> 0 | G87: =березень!G87 -> 35 | H87: =березень!H87 -> 0 | I87: =березень!I87 -> 4.1 | J87: =ROUND(G87*I87,2) -> 143.5 | N87: =ROUND((G87*I87)-K87-L87-M87,2) -> 143.5 | O87: 145 | P87: =IF(D87=0,IF((N87-E87-O87)>0,(N87-E87-O87),0),IF((D87+N87-O87)>0,(D87+N87-O87),0)) -> 0 | Q87: =IF(E87=0,IF((D87+N87-O87)<0,ABS(D87+N87-O87),0),IF((N87-E87-O87)<0,ABS(N87-E87-O87),0)) -> 3.6
A88: 80 | B88: =березень!B88 -> Ленський І.О. | C88: =березень!C88 -> 3080 | D88: =березень!P88 -> 496.59 | E88: =березень!Q88 -> 0 | F88: =березень!F88 -> 0 | G88: =березень!G88 -> 61.8 | H88: =березень!H88 -> 0 | I88: =березень!I88 -> 4.1 | J88: =ROUND(G88*I88,2) -> 253.38 | N88: =ROUND((G88*I88)-K88-L88-M88,2) -> 253.38 | O88: 260 | P88: =IF(D88=0,IF((N88-E88-O88)>0,(N88-E88-O88),0),IF((D88+N88-O88)>0,(D88+N88-O88),0)) -> 489.97 | Q88: =IF(E88=0,IF((D88+N88-O88)<0,ABS(D88+N88-O88),0),IF((N88-E88-O88)<0,ABS(N88-E88-O88),0)) -> 0
A89: 81 | B89: =березень!B89 -> Слюсар О.О. | C89: =березень!C89 -> 3081 | D89: =березень!P89 -> 3643.01 | E89: =березень!Q89 -> 0 | F89: =березень!F89 -> 0 | G89: =березень!G89 -> 65.81 | H89: =березень!H89 -> 0 | I89: =березень!I89 -> 4.1 | J89: =ROUND(G89*I89,2) -> 269.82 | N89: =ROUND((G89*I89)-K89-L89-M89,2) -> 269.82 | P89: =IF(D89=0,IF((N89-E89-O89)>0,(N89-E89-O89),0),IF((D89+N89-O89)>0,(D89+N89-O89),0)) -> 3912.83 | Q89: =IF(E89=0,IF((D89+N89-O89)<0,ABS(D89+N89-O89),0),IF((N89-E89-O89)<0,ABS(N89-E89-O89),0)) -> 0
A90: 82 | B90: =березень!B90 -> Кісельов Г.О. | C90: =березень!C90 -> 3082 | D90: =березень!P90 -> 1420.38 | E90: =березень!Q90 -> 0 | F90: =березень!F90 -> 0 | G90: =березень!G90 -> 49.7 | H90: =березень!H90 -> 0 | I90: =березень!I90 -> 4.1 | J90: =ROUND(G90*I90,2) -> 203.77 | N90: =ROUND((G90*I90)-K90-L90-M90,2) -> 203.77 | P90: =IF(D90=0,IF((N90-E90-O90)>0,(N90-E90-O90),0),IF((D90+N90-O90)>0,(D90+N90-O90),0)) -> 1624.15 | Q90: =IF(E90=0,IF((D90+N90-O90)<0,ABS(D90+N90-O90),0),IF((N90-E90-O90)<0,ABS(N90-E90-O90),0)) -> 0
A91: 83 | B91: =березень!B91 -> Губанова Н.С. | C91: =березень!C91 -> 3083 | D91: =березень!P91 -> 1131.6 | E91: =березень!Q91 -> 0 | F91: =березень!F91 -> 0 | G91: =березень!G91 -> 34.5 | H91: =березень!H91 -> 0 | I91: =березень!I91 -> 4.1 | J91: =ROUND(G91*I91,2) -> 141.45 | N91: =ROUND((G91*I91)-K91-L91-M91,2) -> 141.45 | P91: =IF(D91=0,IF((N91-E91-O91)>0,(N91-E91-O91),0),IF((D91+N91-O91)>0,(D91+N91-O91),0)) -> 1273.05 | Q91: =IF(E91=0,IF((D91+N91-O91)<0,ABS(D91+N91-O91),0),IF((N91-E91-O91)<0,ABS(N91-E91-O91),0)) -> 0
A92: 84 | B92: =березень!B92 -> Попова А.В. | C92: =березень!C92 -> 3084 | D92: =березень!P92 -> 766.71 | E92: =березень!Q92 -> 0 | F92: =березень!F92 -> 0 | G92: =березень!G92 -> 62.4 | H92: =березень!H92 -> 0 | I92: =березень!I92 -> 4.1 | J92: =ROUND(G92*I92,2) -> 255.84 | N92: =ROUND((G92*I92)-K92-L92-M92,2) -> 255.84 | P92: =IF(D92=0,IF((N92-E92-O92)>0,(N92-E92-O92),0),IF((D92+N92-O92)>0,(D92+N92-O92),0)) -> 1022.55 | Q92: =IF(E92=0,IF((D92+N92-O92)<0,ABS(D92+N92-O92),0),IF((N92-E92-O92)<0,ABS(N92-E92-O92),0)) -> 0
A93: 85 | B93: =березень!B93 -> Стародубець О.К. | C93: =березень!C93 -> 3085 | D93: =березень!P93 -> 3765.12 | E93: =березень!Q93 -> 0 | F93: =березень!F93 -> 0 | G93: =березень!G93 -> 66.46 | H93: =березень!H93 -> 0 | I93: =березень!I93 -> 4.1 | J93: =ROUND(G93*I93,2) -> 272.49 | N93: =ROUND((G93*I93)-K93-L93-M93,2) -> 272.49 | P93: =IF(D93=0,IF((N93-E93-O93)>0,(N93-E93-O93),0),IF((D93+N93-O93)>0,(D93+N93-O93),0)) -> 4037.61 | Q93: =IF(E93=0,IF((D93+N93-O93)<0,ABS(D93+N93-O93),0),IF((N93-E93-O93)<0,ABS(N93-E93-O93),0)) -> 0
A94: 86 | B94: =березень!B94 -> Сакун Т.А. | C94: =березень!C94 -> 3086 | D94: =березень!P94 -> 3058.25 | E94: =березень!Q94 -> 0 | F94: =березень!F94 -> 0 | G94: =березень!G94 -> 49.73 | H94: =березень!H94 -> 0 | I94: =березень!I94 -> 4.1 | J94: =ROUND(G94*I94,2) -> 203.89 | N94: =ROUND((G94*I94)-K94-L94-M94,2) -> 203.89 | P94: =IF(D94=0,IF((N94-E94-O94)>0,(N94-E94-O94),0),IF((D94+N94-O94)>0,(D94+N94-O94),0)) -> 3262.14 | Q94: =IF(E94=0,IF((D94+N94-O94)<0,ABS(D94+N94-O94),0),IF((N94-E94-O94)<0,ABS(N94-E94-O94),0)) -> 0
A95: 87 | B95: =березень!B95 -> Фатєєв Ю.О. | C95: =березень!C95 -> 3087 | D95: =березень!P95 -> 4221.72 | E95: =березень!Q95 -> 0 | F95: =березень!F95 -> 0 | G95: =березень!G95 -> 34.9 | H95: =березень!H95 -> 0 | I95: =березень!I95 -> 4.1 | J95: =ROUND(G95*I95,2) -> 143.09 | N95: =ROUND((G95*I95)-K95-L95-M95,2) -> 143.09 | P95: =IF(D95=0,IF((N95-E95-O95)>0,(N95-E95-O95),0),IF((D95+N95-O95)>0,(D95+N95-O95),0)) -> 4364.81 | Q95: =IF(E95=0,IF((D95+N95-O95)<0,ABS(D95+N95-O95),0),IF((N95-E95-O95)<0,ABS(N95-E95-O95),0)) -> 0
A96: 88 | B96: =березень!B96 -> Лукашов Є.В. | C96: =березень!C96 -> 3088 | D96: =березень!P96 -> 12202.32 | E96: =березень!Q96 -> 0 | F96: =березень!F96 -> 0 | G96: =березень!G96 -> 61.9 | H96: =березень!H96 -> 0 | I96: =березень!I96 -> 4.1 | J96: =ROUND(G96*I96,2) -> 253.79 | N96: =ROUND((G96*I96)-K96-L96-M96,2) -> 253.79 | P96: =IF(D96=0,IF((N96-E96-O96)>0,(N96-E96-O96),0),IF((D96+N96-O96)>0,(D96+N96-O96),0)) -> 12456.11 | Q96: =IF(E96=0,IF((D96+N96-O96)<0,ABS(D96+N96-O96),0),IF((N96-E96-O96)<0,ABS(N96-E96-O96),0)) -> 0
A97: 89 | B97: =березень!B97 -> Довбета В.М. | C97: =березень!C97 -> 3089 | D97: =березень!P97 -> 0 | E97: =березень!Q97 -> 2.14 | F97: =березень!F97 -> 0 | G97: =березень!G97 -> 65.3 | H97: =березень!H97 -> 0 | I97: =березень!I97 -> 4.1 | J97: =ROUND(G97*I97,2) -> 267.73 | N97: =ROUND((G97*I97)-K97-L97-M97,2) -> 267.73 | O97: 300 | P97: =IF(D97=0,IF((N97-E97-O97)>0,(N97-E97-O97),0),IF((D97+N97-O97)>0,(D97+N97-O97),0)) -> 0 | Q97: =IF(E97=0,IF((D97+N97-O97)<0,ABS(D97+N97-O97),0),IF((N97-E97-O97)<0,ABS(N97-E97-O97),0)) -> 34.41
A98: 90 | B98: =березень!B98 -> Черняк К.В. | C98: =березень!C98 -> 3090 | D98: =березень!P98 -> 0 | E98: =березень!Q98 -> 1017.02 | F98: =березень!F98 -> 0 | G98: =березень!G98 -> 49.48 | H98: =березень!H98 -> 0 | I98: =березень!I98 -> 4.1 | J98: =ROUND(G98*I98,2) -> 202.87 | N98: =ROUND((G98*I98)-K98-L98-M98,2) -> 202.87 | P98: =IF(D98=0,IF((N98-E98-O98)>0,(N98-E98-O98),0),IF((D98+N98-O98)>0,(D98+N98-O98),0)) -> 0 | Q98: =IF(E98=0,IF((D98+N98-O98)<0,ABS(D98+N98-O98),0),IF((N98-E98-O98)<0,ABS(N98-E98-O98),0)) -> 814.15
A99: 91 | B99: =березень!B99 -> Удінцева Г.А. | C99: =березень!C99 -> 3091 | D99: =березень!P99 -> 429.01 | E99: =березень!Q99 -> 0 | F99: =березень!F99 -> 0 | G99: =березень!G99 -> 35.1 | H99: =березень!H99 -> 0 | I99: =березень!I99 -> 4.1 | J99: =ROUND(G99*I99,2) -> 143.91 | N99: =ROUND((G99*I99)-K99-L99-M99,2) -> 143.91 | O99: 200 | P99: =IF(D99=0,IF((N99-E99-O99)>0,(N99-E99-O99),0),IF((D99+N99-O99)>0,(D99+N99-O99),0)) -> 372.92 | Q99: =IF(E99=0,IF((D99+N99-O99)<0,ABS(D99+N99-O99),0),IF((N99-E99-O99)<0,ABS(N99-E99-O99),0)) -> 0
A100: 92 | B100: =березень!B100 -> Липка Г.Ю. | C100: =березень!C100 -> 3092 | D100: =березень!P100 -> 4405.04 | E100: =березень!Q100 -> 0 | F100: =березень!F100 -> 0 | G100: =березень!G100 -> 63.2 | H100: =березень!H100 -> 0 | I100: =березень!I100 -> 4.1 | J100: =ROUND(G100*I100,2) -> 259.12 | N100: =ROUND((G100*I100)-K100-L100-M100,2) -> 259.12 | P100: =IF(D100=0,IF((N100-E100-O100)>0,(N100-E100-O100),0),IF((D100+N100-O100)>0,(D100+N100-O100),0)) -> 4664.16 | Q100: =IF(E100=0,IF((D100+N100-O100)<0,ABS(D100+N100-O100),0),IF((N100-E100-O100)<0,ABS(N100-E100-O100),0)) -> 0
A101: 93 | B101: =березень!B101 -> Утьосов Д.М. | C101: =березень!C101 -> 3093 | D101: =березень!P101 -> 3451.51 | E101: =березень!Q101 -> 0 | F101: =березень!F101 -> 0 | G101: =березень!G101 -> 66.1 | H101: =березень!H101 -> 0 | I101: =березень!I101 -> 4.1 | J101: =ROUND(G101*I101,2) -> 271.01 | N101: =ROUND((G101*I101)-K101-L101-M101,2) -> 271.01 | P101: =IF(D101=0,IF((N101-E101-O101)>0,(N101-E101-O101),0),IF((D101+N101-O101)>0,(D101+N101-O101),0)) -> 3722.52 | Q101: =IF(E101=0,IF((D101+N101-O101)<0,ABS(D101+N101-O101),0),IF((N101-E101-O101)<0,ABS(N101-E101-O101),0)) -> 0
A102: 94 | B102: =березень!B102 -> Стеценко Д.М. | C102: =березень!C102 -> 3094 | D102: =березень!P102 -> 612.61 | E102: =березень!Q102 -> 0 | F102: =березень!F102 -> 0 | G102: =березень!G102 -> 49.8 | H102: =березень!H102 -> 0 | I102: =березень!I102 -> 4.1 | J102: =ROUND(G102*I102,2) -> 204.18 | N102: =ROUND((G102*I102)-K102-L102-M102,2) -> 204.18 | P102: =IF(D102=0,IF((N102-E102-O102)>0,(N102-E102-O102),0),IF((D102+N102-O102)>0,(D102+N102-O102),0)) -> 816.79 | Q102: =IF(E102=0,IF((D102+N102-O102)<0,ABS(D102+N102-O102),0),IF((N102-E102-O102)<0,ABS(N102-E102-O102),0)) -> 0
...

Sheet травень
A1: ОСББ "Карбишева - 22" | N1: 37465042
B2: Відомість нарахувань та оплати мешканців за утримання будинку
B3: у травні 2023 року
A6: № кв. | B6: ПІБ | C6: Особ. рах. | D6: Д-Т | E6: К-Т | F6: Пільга % | G6: Заг.площа | H6: Пільг. Площа | I6: Внески | J6: 100% нарах. | K6: Пільгова сума | L6: сплачені суми пільг за реєстрами | M6: Коригування | N6: До сплати | O6: Сплачено | P6: Д-Т | Q6: К-Т
A7: 1 | B7: =квітень!B7 -> Бережний В.М. | C7: =квітень!C7 -> 1001 | D7: =квітень!P7 -> 105.11 | E7: =квітень!Q7 -> 0 | F7: =квітень!F7 -> 0 | G7: =квітень!G7 -> 64.26 | H7: =квітень!H7 -> 0 | I7: =квітень!I7 -> 4.1 | J7: =ROUND(G7*I7,2) -> 263.47 | N7: =ROUND((G7*I7)-K7-L7-M7,2) -> 263.47 | P7: =IF(D7=0,IF((N7-E7-O7)>0,(N7-E7-O7),0),IF((D7+N7-O7)>0,(D7+N7-O7),0)) -> 368.58 | Q7: =IF(E7=0,IF((D7+N7-O7)<0,ABS(D7+N7-O7),0),IF((N7-E7-O7)<0,ABS(N7-E7-O7),0)) -> 0
A8: 2 | B8: =квітень!B8 -> Старикова Т.О. | C8: =квітень!C8 -> 1002 | D8: =квітень!P8 -> 3122.9 | E8: =квітень!Q8 -> 0 | F8: =квітень!F8 -> 0 | G8: =квітень!G8 -> 48.71 | H8: =квітень!H8 -> 0 | I8: =квітень!I8 -> 4.1 | J8: =ROUND(G8*I8,2) -> 199.71 | N8: =ROUND((G8*I8)-K8-L8-M8,2) -> 199.71 | P8: =IF(D8=0,IF((N8-E8-O8)>0,(N8-E8-O8),0),IF((D8+N8-O8)>0,(D8+N8-O8),0)) -> 3322.61 | Q8: =IF(E8=0,IF((D8+N8-O8)<0,ABS(D8+N8-O8),0),IF((N8-E8-O8)<0,ABS(N8-E8-O8),0)) -> 0
A9: 3 | B9: =квітень!B9 -> Мазур Т.В. | C9: =квітень!C9 -> 1003 | D9: =квітень!P9 -> 11.5 | E9: =квітень!Q9 -> 0 | F9: =квітень!F9 -> 0 | G9: =квітень!G9 -> 35 | H9: =квітень!H9 -> 0 | I9: =квітень!I9 -> 4.1 | J9: =ROUND(G9*I9,2) -> 143.5 | N9: =ROUND((G9*I9)-K9-L9-M9,2) -> 143.5 | O9: 143.5 | P9: =IF(D9=0,IF((N9-E9-O9)>0,(N9-E9-O9),0),IF((D9+N9-O9)>0,(D9+N9-O9),0)) -> 11.5 | Q9: =IF(E9=0,IF((D9+N9-O9)<0,ABS(D9+N9-O9),0),IF((N9-E9-O9)<0,ABS(N9-E9-O9),0)) -> 0
A10: 4 | B10: =квітень!B10 -> Сокол О.В. | C10: =квітень!C10 -> 1004 | D10: =квітень!P10 -> 0 | E10: =квітень!Q10 -> 252.59 | F10: =квітень!F10 -> 0 | G10: =квітень!G10 -> 61.6 | H10: =квітень!H10 -> 0 | I10: =квітень!I10 -> 4.1 | J10: =ROUND(G10*I10,2) -> 252.56 | N10: =ROUND((G10*I10)-K10-L10-M10,2) -> 252.56 | O10: 252.56 | P10: =IF(D10=0,IF((N10-E10-O10)>0,(N10-E10-O10),0),IF((D10+N10-O10)>0,(D10+N10-O10),0)) -> 0 | Q10: =IF(E10=0,IF((D10+N10-O10)<0,ABS(D10+N10-O10),0),IF((N10-E10-O10)<0,ABS(N10-E10-O10),0)) -> 252.59
A11: 5 | B11: =квітень!B11 -> Семко Л.І. | C11: =квітень!C11 -> 1005 | D11: =квітень!P11 -> 0 | E11: =квітень!Q11 -> 374.21 | F11: =квітень!F11 -> 0 | G11: =квітень!G11 -> 28.34 | H11: =квітень!H11 -> 0 | I11: =квітень!I11 -> 4.1 | J11: =ROUND(G11*I11,2) -> 116.19 | N11: =ROUND((G11*I11)-K11-L11-M11,2) -> 116.19 | P11: =IF(D11=0,IF((N11-E11-O11)>0,(N11-E11-O11),0),IF((D11+N11-O11)>0,(D11+N11-O11),0)) -> 0 | Q11: =IF(E11=0,IF((D11+N11-O11)<0,ABS(D11+N11-O11),0),IF((N11-E11-O11)<0,ABS(N11-E11-O11),0)) -> 258.02
A12: 5 | B12: =квітень!B12 -> Гаркуша Н.І. | C12: =квітень!C12 -> 1005-а | D12: =квітень!P12 -> 0 | E12: =квітень!Q12 -> 100.66 | F12: =квітень!F12 -> 0 | G12: =квітень!G12 -> 36.66 | H12: =квітень!H12 -> 0 | I12: =квітень!I12 -> 4.1 | J12: =ROUND(G12*I12,2) -> 150.31 | N12: =ROUND((G12*I12)-K12-L12-M12,2) -> 150.31 | P12: =IF(D12=0,IF((N12-E12-O12)>0,(N12-E12-O12),0),IF((D12+N12-O12)>0,(D12+N12-O12),0)) -> 49.65 | Q12: =IF(E12=0,IF((D12+N12-O12)<0,ABS(D12+N12-O12),0),IF((N12-E12-O12)<0,ABS(N12-E12-O12),0)) -> 0
A13: 6 | B13: =квітень!B13 -> Андріяшев В.М | C13: =квітень!C13 -> 1006 | D13: =квітень!P13 -> 30.8 | E13: =квітень!Q13 -> 0 | F13: =квітень!F13 -> 0 | G13: =квітень!G13 -> 49.8 | H13: =квітень!H13 -> 0 | I13: =квітень!I13 -> 4.1 | J13: =ROUND(G13*I13,2) -> 204.18 | N13: =ROUND((G13*I13)-K13-L13-M13,2) -> 204.18 | P13: =IF(D13=0,IF((N13-E13-O13)>0,(N13-E13-O13),0),IF((D13+N13-O13)>0,(D13+N13-O13),0)) -> 234.98 | Q13: =IF(E13=0,IF((D13+N13-O13)<0,ABS(D13+N13-O13),0),IF((N13-E13-O13)<0,ABS(N13-E13-O13),0)) -> 0
A14: 7 | B14: =квітень!B14 -> Старчикова О.М. | C14: =квітень!C14 -> 1007 | D14: =квітень!P14 -> 141.12 | E14: =квітень!Q14 -> 0 | F14: =квітень!F14 -> 0 | G14: =квітень!G14 -> 34.65 | H14: =квітень!H14 -> 0 | I14: =квітень!I14 -> 4.1 | J14: =ROUND(G14*I14,2) -> 142.07 | N14: =ROUND((G14*I14)-K14-L14-M14,2) -> 142.07 | O14: 143 | P14: =IF(D14=0,IF((N14-E14-O14)>0,(N14-E14-O14),0),IF((D14+N14-O14)>0,(D14+N14-O14),0)) -> 140.19 | Q14: =IF(E14=0,IF((D14+N14-O14)<0,ABS(D14+N14-O14),0),IF((N14-E14-O14)<0,ABS(N14-E14-O14),0)) -> 0
A15: 8 | B15: =квітень!B15 -> Безер Т.М | C15: =квітень!C15 -> 1008 | D15: =квітень!P15 -> 225.33 | E15: =квітень!Q15 -> 0 | F15: =квітень!F15 -> 0 | G15: =квітень!G15 -> 62.14 | H15: =квітень!H15 -> 0 | I15: =квітень!I15 -> 4.1 | J15: =ROUND(G15*I15,2) -> 254.77 | N15: =ROUND((G15*I15)-K15-L15-M15,2) -> 254.77 | O15: 510 | P15: =IF(D15=0,IF((N15-E15-O15)>0,(N15-E15-O15),0),IF((D15+N15-O15)>0,(D15+N15-O15),0)) -> 0 | Q15: =IF(E15=0,IF((D15+N15-O15)<0,ABS(D15+N15-O15),0),IF((N15-E15-O15)<0,ABS(N15-E15-O15),0)) -> 29.9
A16: 9 | B16: =квітень!B16 -> Решетило М.М | C16: =квітень!C16 -> 1009 | D16: =квітень!P16 -> 1974.6 | E16: =квітень!Q16 -> 0 | F16: =квітень!F16 -> 0 | G16: =квітень!G16 -> 65.16 | H16: =квітень!H16 -> 0 | I16: =квітень!I16 -> 4.1 | J16: =ROUND(G16*I16,2) -> 267.16 | N16: =ROUND((G16*I16)-K16-L16-M16,2) -> 267.16 | O16: 1000 | P16: =IF(D16=0,IF((N16-E16-O16)>0,(N16-E16-O16),0),IF((D16+N16-O16)>0,(D16+N16-O16),0)) -> 1241.76 | Q16: =IF(E16=0,IF((D16+N16-O16)<0,ABS(D16+N16-O16),0),IF((N16-E16-O16)<0,ABS(N16-E16-O16),0)) -> 0
A17: 10 | B17: =квітень!B17 -> Фесенко О.В. | C17: =квітень!C17 -> 1010 | D17: =квітень!P17 -> 2403.57 | E17: =квітень!Q17 -> 0 | F17: =квітень!F17 -> 0 | G17: =квітень!G17 -> 50.1 | H17: =квітень!H17 -> 0 | I17: =квітень!I17 -> 4.1 | J17: =ROUND(G17*I17,2) -> 205.41 | N17: =ROUND((G17*I17)-K17-L17-M17,2) -> 205.41 | P17: =IF(D17=0,IF((N17-E17-O17)>0,(N17-E17-O17),0),IF((D17+N17-O17)>0,(D17+N17-O17),0)) -> 2608.98 | Q17: =IF(E17=0,IF((D17+N17-O17)<0,ABS(D17+N17-O17),0),IF((N17-E17-O17)<0,ABS(N17-E17-O17),0)) -> 0
A18: 11 | B18: =квітень!B18 -> Петренко О.М. | C18: =квітень!C18 -> 1011 | D18: =квітень!P18 -> 1929.96 | E18: =квітень!Q18 -> 0 | F18: =квітень!F18 -> 0 | G18: =квітень!G18 -> 35.2 | H18: =квітень!H18 -> 0 | I18: =квітень!I18 -> 4.1 | J18: =ROUND(G18*I18,2) -> 144.32 | N18: =ROUND((G18*I18)-K18-L18-M18,2) -> 144.32 | P18: =IF(D18=0,IF((N18-E18-O18)>0,(N18-E18-O18),0),IF((D18+N18-O18)>0,(D18+N18-O18),0)) -> 2074.28 | Q18: =IF(E18=0,IF((D18+N18-O18)<0,ABS(D18+N18-O18),0),IF((N18-E18-O18)<0,ABS(N18-E18-O18),0)) -> 0
A19: 12 | B19: =квітень!B19 -> Зеленюк А.Д | C19: =квітень!C19 -> 1012 | D19: =квітень!P19 -> 3942.81 | E19: =квітень!Q19 -> 0 | F19: =квітень!F19 -> 0 | G19: =квітень!G19 -> 62.78 | H19: =квітень!H19 -> 0 | I19: =квітень!I19 -> 4.1 | J19: =ROUND(G19*I19,2) -> 257.4 | N19: =ROUND((G19*I19)-K19-L19-M19,2) -> 257.4 | P19: =IF(D19=0,IF((N19-E19-O19)>0,(N19-E19-O19),0),IF((D19+N19-O19)>0,(D19+N19-O19),0)) -> 4200.21 | Q19: =IF(E19=0,IF((D19+N19-O19)<0,ABS(D19+N19-O19),0),IF((N19-E19-O19)<0,ABS(N19-E19-O19),0)) -> 0
A20: 13 | B20: =квітень!B20 -> Вовк І.В | C20: =квітень!C20 -> 1013 | D20: =квітень!P20 -> 2599.83 | E20: =квітень!Q20 -> 0 | F20: =квітень!F20 -> 0 | G20: =квітень!G20 -> 28.23 | H20: =квітень!H20 -> 0 | I20: =квітень!I20 -> 4.1 | J20: =ROUND(G20*I20,2) -> 115.74 | N20: =ROUND((G20*I20)-K20-L20-M20,2) -> 115.74 | P20: =IF(D20=0,IF((N20-E20-O20)>0,(N20-E20-O20),0),IF((D20+N20-O20)>0,(D20+N20-O20),0)) -> 2715.57 | Q20: =IF(E20=0,IF((D20+N20-O20)<0,ABS(D20+N20-O20),0),IF((N20-E20-O20)<0,ABS(N20-E20-O20),0)) -> 0
A21: 13 | B21: =квітень!B21 -> Романовський В.М | C21: =квітень!C21 -> 1013-а | D21: =квітень!P21 -> 3878.46 | E21: =квітень!Q21 -> 0 | F21: =квітень!F21 -> 0 | G21: =квітень!G21 -> 37.84 | H21: =квітень!H21 -> 0 | I21: =квітень!I21 -> 4.1 | J21: =ROUND(G21*I21,2) -> 155.14 | N21: =ROUND((G21*I21)-K21-L21-M21,2) -> 155.14 | P21: =IF(D21=0,IF((N21-E21-O21)>0,(N21-E21-O21),0),IF((D21+N21-O21)>0,(D21+N21-O21),0)) -> 4033.6 | Q21: =IF(E21=0,IF((D21+N21-O21)<0,ABS(D21+N21-O21),0),IF((N21-E21-O21)<0,ABS(N21-E21-O21),0)) -> 0
A22: 14 | B22: =квітень!B22 -> Ряба Л.І | C22: =квітень!C22 -> 1014 | D22: =квітень!P22 -> 818.8 | E22: =квітень!Q22 -> 0 | F22: =квітень!F22 -> 0 | G22: =квітень!G22 -> 49.24 | H22: =квітень!H22 -> 0 | I22: =квітень!I22 -> 4.1 | J22: =ROUND(G22*I22,2) -> 201.88 | N22: =ROUND((G22*I22)-K22-L22-M22,2) -> 201.88 | P22: =IF(D22=0,IF((N22-E22-O22)>0,(N22-E22-O22),0),IF((D22+N22-O22)>0,(D22+N22-O22),0)) -> 1020.68 | Q22: =IF(E22=0,IF((D22+N22-O22)<0,ABS(D22+N22-O22),0),IF((N22-E22-O22)<0,ABS(N22-E22-O22),0)) -> 0
A23: 15 | B23: =квітень!B23 -> Кас'янова О.А. | C23: =квітень!C23 -> 1015 | D23: =квітень!P23 -> 1484.68 | E23: =квітень!Q23 -> 0 | F23: =квітень!F23 -> 0 | G23: =квітень!G23 -> 35.1 | H23: =квітень!H23 -> 0 | I23: =квітень!I23 -> 4.1 | J23: =ROUND(G23*I23,2) -> 143.91 | N23: =ROUND((G23*I23)-K23-L23-M23,2) -> 143.91 | P23: =IF(D23=0,IF((N23-E23-O23)>0,(N23-E23-O23),0),IF((D23+N23-O23)>0,(D23+N23-O23),0)) -> 1628.59 | Q23: =IF(E23=0,IF((D23+N23-O23)<0,ABS(D23+N23-O23),0),IF((N23-E23-O23)<0,ABS(N23-E23-O23),0)) -> 0
A24: 16 | B24: =квітень!B24 -> Корякіна М.В. | C24: =квітень!C24 -> 1016 | D24: =квітень!P24 -> 2367.57 | E24: =квітень!Q24 -> 0 | F24: =квітень!F24 -> 0 | G24: =квітень!G24 -> 61.9 | H24: =квітень!H24 -> 0 | I24: =квітень!I24 -> 4.1 | J24: =ROUND(G24*I24,2) -> 253.79 | N24: =ROUND((G24*I24)-K24-L24-M24,2) -> 253.79 | P24: =IF(D24=0,IF((N24-E24-O24)>0,(N24-E24-O24),0),IF((D24+N24-O24)>0,(D24+N24-O24),0)) -> 2621.36 | Q24: =IF(E24=0,IF((D24+N24-O24)<0,ABS(D24+N24-O24),0),IF((N24-E24-O24)<0,ABS(N24-E24-O24),0)) -> 0
A25: 17 | B25: =квітень!B25 -> Сокерчак А.В. | C25: =квітень!C25 -> 1017 | D25: =квітень!P25 -> 271.83 | E25: =квітень!Q25 -> 0 | F25: =квітень!F25 -> 0 | G25: =квітень!G25 -> 66.3 | H25: =квітень!H25 -> 0 | I25: =квітень!I25 -> 4.1 | J25: =ROUND(G25*I25,2) -> 271.83 | N25: =ROUND((G25*I25)-K25-L25-M25,2) -> 271.83 | P25: =IF(D25=0,IF((N25-E25-O25)>0,(N25-E25-O25),0),IF((D25+N25-O25)>0,(D25+N25-O25),0)) -> 543.66 | Q25: =IF(E25=0,IF((D25+N25-O25)<0,ABS(D25+N25-O25),0),IF((N25-E25-O25)<0,ABS(N25-E25-O25),0)) -> 0
A26: 18 | B26: =квітень!B26 -> Кравченко В.А | C26: =квітень!C26 -> 1018 | D26: =квітень!P26 -> 0 | E26: =квітень!Q26 -> 983.93 | F26: =квітень!F26 -> 0 | G26: =квітень!G26 -> 51.48 | H26: =квітень!H26 -> 0 | I26: =квітень!I26 -> 4.1 | J26: =ROUND(G26*I26,2) -> 211.07 | N26: =ROUND((G26*I26)-K26-L26-M26,2) -> 211.07 | P26: =IF(D26=0,IF((N26-E26-O26)>0,(N26-E26-O26),0),IF((D26+N26-O26)>0,(D26+N26-O26),0)) -> 0 | Q26: =IF(E26=0,IF((D26+N26-O26)<0,ABS(D26+N26-O26),0),IF((N26-E26-O26)<0,ABS(N26-E26-O26),0)) -> 772.86
